{
    "ammo": "fire_fox:fire_fox_ammo",
    "rpm": 120,
    "ammo_amount": 32,
    "bolt": "open_bolt",
    "bullet": {
      "life": 10,
      "bullet_amount": 6,
      "damage": 120,
      "extra_damage": {
        "armor_ignore": 1,
        "head_shot_multiplier": 2
      },
      "speed": 20,
      "gravity": 0,
      "knockback": 0,
      "friction": 0,
      "ignite": false,
      "pierce": 3
      
        
        
      
    },
    "reload": {
      "type": "magazine",
      "feed": {
        "empty": 3.25,
        "tactical": 3.25
      },
      "cooldown": {
        "empty": 3.3,
        "tactical": 3.3
      }
    },
    "draw_time": 1.0,
    "put_away_time": 1.0,
    "aim_time": 0.2,
    "sprint_time": 0.2,
    "fire_mode": [
      "semi"
    ],
    "recoil": {
      "pitch": [
        {"time": 0, "value": [2.5, 2.5]},
        {"time": 0.3, "value": [2.5, 2.5]},
        {"time": 0.55, "value": [-0.75, -0.75]},
        {"time": 0.8, "value": [0.25, 0.25]},
        {"time": 1.2, "value": [0, 0]},
        {"time": 1.4, "value": [0, 0]}
      ],
      "yaw": [
        {"time": 0, "value": [-0.4, 0.4]},
        {"time": 0.55, "value": [0, 0]}
      ]
    },
    "inaccuracy": {
      "stand": 8,
      "move": 8,
      "sneak": 8,
      "lie": 8,
      "aim": 4
    }
  }