{
	"format_version": "1.12.0",
	"minecraft:geometry": [
		{
			"description": {
				"identifier": "geometry.unknown",
				"texture_width": 32,
				"texture_height": 32,
				"visible_bounds_width": 5,
				"visible_bounds_height": 1.5,
				"visible_bounds_offset": [0, 0.25, 0]
			},
			"bones": [
				{
					"name": "winefox_ammo_entity",
					"pivot": [-5, 0, -43]
				},
				{
					"name": "bone2",
					"parent": "winefox_ammo_entity",
					"pivot": [-5.5, 0, -41.5],
					"cubes": [
						{
							"origin": [-5.5, 0, -42],
							"size": [0.5, 0.5, 0.5],
							"uv": {
								"north": {"uv": [22, 26], "uv_size": [1, 1]},
								"east": {"uv": [24, 26], "uv_size": [1, 1]},
								"south": {"uv": [25, 26], "uv_size": [1, 1]},
								"west": {"uv": [26, 25], "uv_size": [1, 1]},
								"up": {"uv": [26, 26], "uv_size": [1, 1]},
								"down": {"uv": [0, 28], "uv_size": [1, -1]}
							}
						},
						{
							"origin": [-4.75, 0, -42.75],
							"size": [1, 0.5, 0.5],
							"pivot": [-4.25, 0.25, -42.5],
							"rotation": [0, -90, 0],
							"uv": {
								"north": {"uv": [24, 25], "uv_size": [2, 1]},
								"east": {"uv": [1, 27], "uv_size": [1, 1]},
								"south": {"uv": [6, 26], "uv_size": [2, 1]},
								"west": {"uv": [2, 27], "uv_size": [1, 1]},
								"up": {"uv": [26, 6], "uv_size": [2, 1]},
								"down": {"uv": [26, 8], "uv_size": [2, -1]}
							}
						},
						{
							"origin": [-6, 0, -43.5],
							"size": [2, 0.5, 0.5],
							"uv": {
								"north": {"uv": [5, 18], "uv_size": [4, 1]},
								"east": {"uv": [22, 25], "uv_size": [1, 1]},
								"south": {"uv": [18, 6], "uv_size": [4, 1]},
								"west": {"uv": [8, 26], "uv_size": [1, 1]},
								"up": {"uv": [18, 7], "uv_size": [4, 1]},
								"down": {"uv": [18, 9], "uv_size": [4, -1]}
							}
						},
						{
							"origin": [-5.25, 0, -42.75],
							"size": [1, 0.5, 1],
							"pivot": [-4.75, 0.25, -42.5],
							"rotation": [0, -90, 0],
							"uv": {
								"north": {"uv": [26, 14], "uv_size": [2, 1]},
								"east": {"uv": [15, 26], "uv_size": [2, 1]},
								"south": {"uv": [17, 26], "uv_size": [2, 1]},
								"west": {"uv": [19, 26], "uv_size": [2, 1]},
								"up": {"uv": [10, 24], "uv_size": [2, 2]},
								"down": {"uv": [14, 26], "uv_size": [2, -2]}
							}
						},
						{
							"origin": [-3.5, 1, -41.5],
							"size": [0.5, 3, 0.5],
							"uv": {
								"north": {"uv": [17, 6], "uv_size": [1, 6]},
								"east": {"uv": [17, 12], "uv_size": [1, 6]},
								"south": {"uv": [18, 0], "uv_size": [1, 6]},
								"west": {"uv": [4, 18], "uv_size": [1, 6]},
								"up": {"uv": [29, 1], "uv_size": [1, 1]},
								"down": {"uv": [2, 30], "uv_size": [1, -1]}
							}
						},
						{
							"origin": [-4, 1, -41],
							"size": [0.5, 3, 0.5],
							"uv": {
								"north": {"uv": [3, 16], "uv_size": [1, 6]},
								"east": {"uv": [16, 6], "uv_size": [1, 6]},
								"south": {"uv": [16, 12], "uv_size": [1, 6]},
								"west": {"uv": [17, 0], "uv_size": [1, 6]},
								"up": {"uv": [29, 0], "uv_size": [1, 1]},
								"down": {"uv": [1, 30], "uv_size": [1, -1]}
							}
						},
						{
							"origin": [-7, 1, -41.5],
							"size": [0.5, 3, 0.5],
							"uv": {
								"north": {"uv": [14, 12], "uv_size": [1, 6]},
								"east": {"uv": [15, 0], "uv_size": [1, 6]},
								"south": {"uv": [15, 6], "uv_size": [1, 6]},
								"west": {"uv": [15, 12], "uv_size": [1, 6]},
								"up": {"uv": [21, 28], "uv_size": [1, 1]},
								"down": {"uv": [28, 22], "uv_size": [1, -1]}
							}
						},
						{
							"origin": [-6.5, 1, -41],
							"size": [0.5, 3, 0.5],
							"uv": {
								"north": {"uv": [0, 16], "uv_size": [1, 6]},
								"east": {"uv": [16, 0], "uv_size": [1, 6]},
								"south": {"uv": [1, 16], "uv_size": [1, 6]},
								"west": {"uv": [2, 16], "uv_size": [1, 6]},
								"up": {"uv": [22, 28], "uv_size": [1, 1]},
								"down": {"uv": [28, 23], "uv_size": [1, -1]}
							}
						},
						{
							"origin": [-7, 1, -44],
							"size": [0.5, 3, 0.5],
							"uv": {
								"north": {"uv": [13, 6], "uv_size": [1, 6]},
								"east": {"uv": [13, 12], "uv_size": [1, 6]},
								"south": {"uv": [14, 0], "uv_size": [1, 6]},
								"west": {"uv": [14, 6], "uv_size": [1, 6]},
								"up": {"uv": [17, 28], "uv_size": [1, 1]},
								"down": {"uv": [28, 18], "uv_size": [1, -1]}
							}
						},
						{
							"origin": [-6.5, 1, -44.5],
							"size": [0.5, 3, 0.5],
							"uv": {
								"north": {"uv": [10, 12], "uv_size": [1, 6]},
								"east": {"uv": [11, 12], "uv_size": [1, 6]},
								"south": {"uv": [12, 12], "uv_size": [1, 6]},
								"west": {"uv": [13, 0], "uv_size": [1, 6]},
								"up": {"uv": [13, 28], "uv_size": [1, 1]},
								"down": {"uv": [28, 14], "uv_size": [1, -1]}
							}
						},
						{
							"origin": [-4, 1, -44.5],
							"size": [0.5, 3, 0.5],
							"uv": {
								"north": {"uv": [12, 6], "uv_size": [1, 6]},
								"east": {"uv": [7, 12], "uv_size": [1, 6]},
								"south": {"uv": [8, 12], "uv_size": [1, 6]},
								"west": {"uv": [9, 12], "uv_size": [1, 6]},
								"up": {"uv": [9, 28], "uv_size": [1, 1]},
								"down": {"uv": [28, 10], "uv_size": [1, -1]}
							}
						},
						{
							"origin": [-3.5, 1, -44],
							"size": [0.5, 3, 0.5],
							"uv": {
								"north": {"uv": [12, 0], "uv_size": [1, 6]},
								"east": {"uv": [4, 12], "uv_size": [1, 6]},
								"south": {"uv": [5, 12], "uv_size": [1, 6]},
								"west": {"uv": [6, 12], "uv_size": [1, 6]},
								"up": {"uv": [8, 28], "uv_size": [1, 1]},
								"down": {"uv": [28, 9], "uv_size": [1, -1]}
							}
						},
						{
							"origin": [-4, 3.5, -44],
							"size": [0.5, 0.5, 0.5],
							"uv": {
								"north": {"uv": [5, 28], "uv_size": [1, 1]},
								"east": {"uv": [28, 5], "uv_size": [1, 1]},
								"south": {"uv": [6, 28], "uv_size": [1, 1]},
								"west": {"uv": [28, 6], "uv_size": [1, 1]},
								"up": {"uv": [7, 28], "uv_size": [1, 1]},
								"down": {"uv": [28, 8], "uv_size": [1, -1]}
							}
						},
						{
							"origin": [-4, 0.5, -44],
							"size": [0.5, 0.5, 0.5],
							"uv": {
								"north": {"uv": [10, 28], "uv_size": [1, 1]},
								"east": {"uv": [28, 10], "uv_size": [1, 1]},
								"south": {"uv": [11, 28], "uv_size": [1, 1]},
								"west": {"uv": [28, 11], "uv_size": [1, 1]},
								"up": {"uv": [12, 28], "uv_size": [1, 1]},
								"down": {"uv": [28, 13], "uv_size": [1, -1]}
							}
						},
						{
							"origin": [-6.5, 0.5, -44],
							"size": [0.5, 0.5, 0.5],
							"uv": {
								"north": {"uv": [18, 28], "uv_size": [1, 1]},
								"east": {"uv": [28, 18], "uv_size": [1, 1]},
								"south": {"uv": [19, 28], "uv_size": [1, 1]},
								"west": {"uv": [28, 19], "uv_size": [1, 1]},
								"up": {"uv": [20, 28], "uv_size": [1, 1]},
								"down": {"uv": [28, 21], "uv_size": [1, -1]}
							}
						},
						{
							"origin": [-6.5, 0.5, -41.5],
							"size": [0.5, 0.5, 0.5],
							"uv": {
								"north": {"uv": [26, 28], "uv_size": [1, 1]},
								"east": {"uv": [28, 26], "uv_size": [1, 1]},
								"south": {"uv": [27, 28], "uv_size": [1, 1]},
								"west": {"uv": [28, 27], "uv_size": [1, 1]},
								"up": {"uv": [28, 28], "uv_size": [1, 1]},
								"down": {"uv": [0, 30], "uv_size": [1, -1]}
							}
						},
						{
							"origin": [-4, 4, -44],
							"size": [0.5, 0.5, 0.5],
							"uv": {
								"north": {"uv": [29, 8], "uv_size": [1, 1]},
								"east": {"uv": [9, 29], "uv_size": [1, 1]},
								"south": {"uv": [29, 9], "uv_size": [1, 1]},
								"west": {"uv": [10, 29], "uv_size": [1, 1]},
								"up": {"uv": [29, 10], "uv_size": [1, 1]},
								"down": {"uv": [11, 30], "uv_size": [1, -1]}
							}
						},
						{
							"origin": [-6.5, 4, -41.5],
							"size": [0.5, 0.5, 0.5],
							"uv": {
								"north": {"uv": [23, 28], "uv_size": [1, 1]},
								"east": {"uv": [28, 23], "uv_size": [1, 1]},
								"south": {"uv": [24, 28], "uv_size": [1, 1]},
								"west": {"uv": [28, 24], "uv_size": [1, 1]},
								"up": {"uv": [25, 28], "uv_size": [1, 1]},
								"down": {"uv": [28, 26], "uv_size": [1, -1]}
							}
						},
						{
							"origin": [-6.5, 4, -44],
							"size": [0.5, 0.5, 0.5],
							"uv": {
								"north": {"uv": [14, 28], "uv_size": [1, 1]},
								"east": {"uv": [28, 14], "uv_size": [1, 1]},
								"south": {"uv": [15, 28], "uv_size": [1, 1]},
								"west": {"uv": [28, 15], "uv_size": [1, 1]},
								"up": {"uv": [16, 28], "uv_size": [1, 1]},
								"down": {"uv": [28, 17], "uv_size": [1, -1]}
							}
						},
						{
							"origin": [-4, 0.5, -41.5],
							"size": [0.5, 0.5, 0.5],
							"uv": {
								"north": {"uv": [29, 5], "uv_size": [1, 1]},
								"east": {"uv": [6, 29], "uv_size": [1, 1]},
								"south": {"uv": [29, 6], "uv_size": [1, 1]},
								"west": {"uv": [7, 29], "uv_size": [1, 1]},
								"up": {"uv": [29, 7], "uv_size": [1, 1]},
								"down": {"uv": [8, 30], "uv_size": [1, -1]}
							}
						},
						{
							"origin": [-4, 4, -41.5],
							"size": [0.5, 0.5, 0.5],
							"uv": {
								"north": {"uv": [29, 2], "uv_size": [1, 1]},
								"east": {"uv": [3, 29], "uv_size": [1, 1]},
								"south": {"uv": [29, 3], "uv_size": [1, 1]},
								"west": {"uv": [4, 29], "uv_size": [1, 1]},
								"up": {"uv": [29, 4], "uv_size": [1, 1]},
								"down": {"uv": [5, 30], "uv_size": [1, -1]}
							}
						},
						{
							"origin": [-6, 1.5, -40.5],
							"size": [2, 2, 0.5],
							"uv": {
								"north": {"uv": [8, 8], "uv_size": [4, 4]},
								"east": {"uv": [4, 24], "uv_size": [1, 4]},
								"south": {"uv": [0, 12], "uv_size": [4, 4]},
								"west": {"uv": [5, 24], "uv_size": [1, 4]},
								"up": {"uv": [6, 24], "uv_size": [4, 1]},
								"down": {"uv": [24, 11], "uv_size": [4, -1]}
							}
						},
						{
							"origin": [-6, 1.5, -45],
							"size": [2, 2, 0.5],
							"uv": {
								"north": {"uv": [0, 8], "uv_size": [4, 4]},
								"east": {"uv": [14, 20], "uv_size": [1, 4]},
								"south": {"uv": [8, 0], "uv_size": [4, 4]},
								"west": {"uv": [15, 20], "uv_size": [1, 4]},
								"up": {"uv": [16, 20], "uv_size": [4, 1]},
								"down": {"uv": [20, 21], "uv_size": [4, -1]}
							}
						},
						{
							"origin": [-6, 4, -44],
							"size": [2, 0.5, 0.5],
							"uv": {
								"north": {"uv": [22, 7], "uv_size": [4, 1]},
								"east": {"uv": [18, 27], "uv_size": [1, 1]},
								"south": {"uv": [22, 8], "uv_size": [4, 1]},
								"west": {"uv": [19, 27], "uv_size": [1, 1]},
								"up": {"uv": [22, 9], "uv_size": [4, 1]},
								"down": {"uv": [22, 15], "uv_size": [4, -1]}
							}
						},
						{
							"origin": [-6, 4, -41.5],
							"size": [2, 0.5, 0.5],
							"uv": {
								"north": {"uv": [25, 0], "uv_size": [4, 1]},
								"east": {"uv": [4, 28], "uv_size": [1, 1]},
								"south": {"uv": [25, 1], "uv_size": [4, 1]},
								"west": {"uv": [28, 4], "uv_size": [1, 1]},
								"up": {"uv": [25, 2], "uv_size": [4, 1]},
								"down": {"uv": [25, 4], "uv_size": [4, -1]}
							}
						},
						{
							"origin": [-6, 3.5, -41],
							"size": [2, 0.5, 0.5],
							"uv": {
								"north": {"uv": [24, 20], "uv_size": [4, 1]},
								"east": {"uv": [2, 28], "uv_size": [1, 1]},
								"south": {"uv": [24, 21], "uv_size": [4, 1]},
								"west": {"uv": [3, 28], "uv_size": [1, 1]},
								"up": {"uv": [24, 23], "uv_size": [4, 1]},
								"down": {"uv": [24, 25], "uv_size": [4, -1]}
							}
						},
						{
							"origin": [-6, 0.5, -41.5],
							"size": [2, 0.5, 0.5],
							"uv": {
								"north": {"uv": [24, 16], "uv_size": [4, 1]},
								"east": {"uv": [0, 28], "uv_size": [1, 1]},
								"south": {"uv": [24, 17], "uv_size": [4, 1]},
								"west": {"uv": [1, 28], "uv_size": [1, 1]},
								"up": {"uv": [24, 18], "uv_size": [4, 1]},
								"down": {"uv": [19, 25], "uv_size": [4, -1]}
							}
						},
						{
							"origin": [-6, 1, -44.5],
							"size": [2, 0.5, 0.5],
							"uv": {
								"north": {"uv": [16, 21], "uv_size": [4, 1]},
								"east": {"uv": [16, 27], "uv_size": [1, 1]},
								"south": {"uv": [20, 21], "uv_size": [4, 1]},
								"west": {"uv": [17, 27], "uv_size": [1, 1]},
								"up": {"uv": [0, 22], "uv_size": [4, 1]},
								"down": {"uv": [22, 7], "uv_size": [4, -1]}
							}
						},
						{
							"origin": [-6, 1, -41],
							"size": [2, 0.5, 0.5],
							"uv": {
								"north": {"uv": [24, 11], "uv_size": [4, 1]},
								"east": {"uv": [27, 26], "uv_size": [1, 1]},
								"south": {"uv": [24, 12], "uv_size": [4, 1]},
								"west": {"uv": [27, 27], "uv_size": [1, 1]},
								"up": {"uv": [24, 13], "uv_size": [4, 1]},
								"down": {"uv": [24, 16], "uv_size": [4, -1]}
							}
						},
						{
							"origin": [-6, 3.5, -44.5],
							"size": [2, 0.5, 0.5],
							"uv": {
								"north": {"uv": [20, 0], "uv_size": [4, 1]},
								"east": {"uv": [14, 27], "uv_size": [1, 1]},
								"south": {"uv": [20, 1], "uv_size": [4, 1]},
								"west": {"uv": [15, 27], "uv_size": [1, 1]},
								"up": {"uv": [20, 2], "uv_size": [4, 1]},
								"down": {"uv": [20, 4], "uv_size": [4, -1]}
							}
						},
						{
							"origin": [-6, 0.5, -44],
							"size": [2, 0.5, 0.5],
							"uv": {
								"north": {"uv": [19, 16], "uv_size": [4, 1]},
								"east": {"uv": [12, 27], "uv_size": [1, 1]},
								"south": {"uv": [19, 17], "uv_size": [4, 1]},
								"west": {"uv": [13, 27], "uv_size": [1, 1]},
								"up": {"uv": [18, 19], "uv_size": [4, 1]},
								"down": {"uv": [19, 19], "uv_size": [4, -1]}
							}
						}
					]
				},
				{
					"name": "bone",
					"parent": "winefox_ammo_entity",
					"pivot": [-5, 0, -43],
					"cubes": [
						{
							"origin": [-6, 0, -43],
							"size": [0.5, 0.5, 1.5],
							"uv": {
								"north": {"uv": [26, 19], "uv_size": [1, 1]},
								"east": {"uv": [6, 25], "uv_size": [3, 1]},
								"south": {"uv": [21, 26], "uv_size": [1, 1]},
								"west": {"uv": [19, 25], "uv_size": [3, 1]},
								"up": {"uv": [12, 24], "uv_size": [1, 3]},
								"down": {"uv": [9, 28], "uv_size": [1, -3]}
							}
						},
						{
							"origin": [-5, 0, -42],
							"size": [1, 0.5, 0.5],
							"uv": {
								"north": {"uv": [26, 8], "uv_size": [2, 1]},
								"east": {"uv": [27, 19], "uv_size": [1, 1]},
								"south": {"uv": [26, 9], "uv_size": [2, 1]},
								"west": {"uv": [20, 27], "uv_size": [1, 1]},
								"up": {"uv": [10, 26], "uv_size": [2, 1]},
								"down": {"uv": [13, 27], "uv_size": [2, -1]}
							}
						},
						{
							"origin": [-4, 0.5, -43.5],
							"size": [0.5, 0.5, 2],
							"uv": {
								"north": {"uv": [3, 27], "uv_size": [1, 1]},
								"east": {"uv": [9, 18], "uv_size": [4, 1]},
								"south": {"uv": [27, 4], "uv_size": [1, 1]},
								"west": {"uv": [18, 9], "uv_size": [4, 1]},
								"up": {"uv": [18, 10], "uv_size": [1, 4]},
								"down": {"uv": [13, 22], "uv_size": [1, -4]}
							}
						},
						{
							"origin": [-6.5, 0.5, -43.5],
							"size": [0.5, 0.5, 2],
							"uv": {
								"north": {"uv": [21, 27], "uv_size": [1, 1]},
								"east": {"uv": [19, 22], "uv_size": [4, 1]},
								"south": {"uv": [22, 27], "uv_size": [1, 1]},
								"west": {"uv": [22, 19], "uv_size": [4, 1]},
								"up": {"uv": [0, 23], "uv_size": [1, 4]},
								"down": {"uv": [1, 27], "uv_size": [1, -4]}
							}
						},
						{
							"origin": [-7, 1, -43.5],
							"size": [0.5, 0.5, 2],
							"uv": {
								"north": {"uv": [27, 22], "uv_size": [1, 1]},
								"east": {"uv": [23, 4], "uv_size": [4, 1]},
								"south": {"uv": [23, 27], "uv_size": [1, 1]},
								"west": {"uv": [5, 23], "uv_size": [4, 1]},
								"up": {"uv": [2, 23], "uv_size": [1, 4]},
								"down": {"uv": [3, 27], "uv_size": [1, -4]}
							}
						},
						{
							"origin": [-6.5, 4, -43.5],
							"size": [0.5, 0.5, 2],
							"uv": {
								"north": {"uv": [27, 25], "uv_size": [1, 1]},
								"east": {"uv": [19, 23], "uv_size": [4, 1]},
								"south": {"uv": [26, 27], "uv_size": [1, 1]},
								"west": {"uv": [23, 22], "uv_size": [4, 1]},
								"up": {"uv": [23, 23], "uv_size": [1, 4]},
								"down": {"uv": [24, 4], "uv_size": [1, -4]}
							}
						},
						{
							"origin": [-3.5, 1, -43.5],
							"size": [0.5, 0.5, 2],
							"uv": {
								"north": {"uv": [27, 5], "uv_size": [1, 1]},
								"east": {"uv": [14, 18], "uv_size": [4, 1]},
								"south": {"uv": [6, 27], "uv_size": [1, 1]},
								"west": {"uv": [18, 14], "uv_size": [4, 1]},
								"up": {"uv": [18, 15], "uv_size": [1, 4]},
								"down": {"uv": [19, 4], "uv_size": [1, -4]}
							}
						},
						{
							"origin": [-3, 1.5, -43.5],
							"size": [0.5, 2, 2],
							"uv": {
								"north": {"uv": [5, 19], "uv_size": [1, 4]},
								"east": {"uv": [0, 0], "uv_size": [4, 4]},
								"south": {"uv": [6, 19], "uv_size": [1, 4]},
								"west": {"uv": [0, 4], "uv_size": [4, 4]},
								"up": {"uv": [7, 19], "uv_size": [1, 4]},
								"down": {"uv": [8, 23], "uv_size": [1, -4]}
							}
						},
						{
							"origin": [-3.5, 3.5, -43.5],
							"size": [0.5, 0.5, 2],
							"uv": {
								"north": {"uv": [7, 27], "uv_size": [1, 1]},
								"east": {"uv": [19, 4], "uv_size": [4, 1]},
								"south": {"uv": [8, 27], "uv_size": [1, 1]},
								"west": {"uv": [19, 5], "uv_size": [4, 1]},
								"up": {"uv": [9, 19], "uv_size": [1, 4]},
								"down": {"uv": [10, 23], "uv_size": [1, -4]}
							}
						},
						{
							"origin": [-7.5, 1.5, -43.5],
							"size": [0.5, 2, 2],
							"uv": {
								"north": {"uv": [13, 22], "uv_size": [1, 4]},
								"east": {"uv": [4, 8], "uv_size": [4, 4]},
								"south": {"uv": [16, 22], "uv_size": [1, 4]},
								"west": {"uv": [8, 4], "uv_size": [4, 4]},
								"up": {"uv": [17, 22], "uv_size": [1, 4]},
								"down": {"uv": [18, 26], "uv_size": [1, -4]}
							}
						},
						{
							"origin": [-4, 4, -43.5],
							"size": [0.5, 0.5, 2],
							"uv": {
								"north": {"uv": [10, 27], "uv_size": [1, 1]},
								"east": {"uv": [19, 10], "uv_size": [4, 1]},
								"south": {"uv": [11, 27], "uv_size": [1, 1]},
								"west": {"uv": [19, 11], "uv_size": [4, 1]},
								"up": {"uv": [11, 19], "uv_size": [1, 4]},
								"down": {"uv": [12, 23], "uv_size": [1, -4]}
							}
						},
						{
							"origin": [-3, 2.5, -43.5],
							"size": [0.5, 0.5, 0.5],
							"uv": {
								"north": {"uv": [0, 0], "uv_size": [1, 1]},
								"east": {"uv": [0, 0], "uv_size": [1, 1]},
								"south": {"uv": [0, 0], "uv_size": [1, 1]},
								"west": {"uv": [0, 0], "uv_size": [1, 1]},
								"up": {"uv": [1, 1], "uv_size": [-1, -1]},
								"down": {"uv": [1, 1], "uv_size": [-1, -1]}
							}
						},
						{
							"origin": [-6, 4.5, -43.5],
							"size": [2, 0.5, 2],
							"uv": {
								"north": {"uv": [19, 12], "uv_size": [4, 1]},
								"east": {"uv": [19, 13], "uv_size": [4, 1]},
								"south": {"uv": [14, 19], "uv_size": [4, 1]},
								"west": {"uv": [19, 15], "uv_size": [4, 1]},
								"up": {"uv": [4, 0], "uv_size": [4, 4]},
								"down": {"uv": [4, 8], "uv_size": [4, -4]}
							}
						},
						{
							"origin": [-7, 3.5, -43.5],
							"size": [0.5, 0.5, 2],
							"uv": {
								"north": {"uv": [24, 27], "uv_size": [1, 1]},
								"east": {"uv": [23, 5], "uv_size": [4, 1]},
								"south": {"uv": [25, 27], "uv_size": [1, 1]},
								"west": {"uv": [9, 23], "uv_size": [4, 1]},
								"up": {"uv": [23, 10], "uv_size": [1, 4]},
								"down": {"uv": [23, 19], "uv_size": [1, -4]}
							}
						}
					]
				}
			]
		}
	]
}