{
	"format_version": "1.12.0",
	"minecraft:geometry": [
		{
			"description": {
				"identifier": "geometry.unknown",
				"texture_width": 16,
				"texture_height": 16,
				"visible_bounds_width": 2,
				"visible_bounds_height": 1.5,
				"visible_bounds_offset": [0, 0.25, 0]
			},
			"bones": [
				{
					"name": "goei",
					"pivot": [-0.75, 1.45005, 0.10775],
					"rotation": [-83.43902, 13.01155, -3.42845],
					"cubes": [
						{
							"origin": [-0.92437, 1.04563, -3.52008],
							"size": [0.34875, 0.34875, 10.81125],
							"pivot": [-0.75, 1.22001, 1.88554],
							"rotation": [-7.5, 0, 0],
							"uv": {
								"north": {"uv": [3, 4], "uv_size": [1, 1]},
								"east": {"uv": [0, 0], "uv_size": [9, 1]},
								"south": {"uv": [4, 4], "uv_size": [1, 1]},
								"west": {"uv": [0, 1], "uv_size": [9, 1]},
								"up": {"uv": [0, 2], "uv_size": [1, 9]},
								"down": {"uv": [1, 11], "uv_size": [1, -9]}
							}
						},
						{
							"origin": [-0.9825, 1.44759, -2.54191],
							"size": [0.465, 0.465, 1.74375],
							"pivot": [-0.75, 1.68009, -1.67004],
							"rotation": [-7.5, 0, 0],
							"uv": {
								"north": {"uv": [5, 2], "uv_size": [1, 1]},
								"east": {"uv": [2, 2], "uv_size": [2, 1]},
								"south": {"uv": [3, 5], "uv_size": [1, 1]},
								"west": {"uv": [2, 3], "uv_size": [2, 1]},
								"up": {"uv": [2, 4], "uv_size": [1, 2]},
								"down": {"uv": [4, 4], "uv_size": [1, -2]}
							}
						}
					]
				},
				{
					"name": "bone",
					"parent": "goei",
					"pivot": [-0.9825, 1.56337, -2.5648],
					"rotation": [20.37889, -1.91134, -14.92287],
					"cubes": [
						{
							"origin": [-1.31408, 0.94413, -2.75989],
							"size": [0.58125, 0.58125, 0.00012],
							"pivot": [-1.02345, 0.95577, -2.75989],
							"rotation": [-93.214, -45.14541, 96.87348],
							"uv": {
								"north": {"uv": [5, 3], "uv_size": [1, 1]},
								"east": {"uv": [0, 0], "uv_size": [0, 1]},
								"south": {"uv": [4, 5], "uv_size": [1, 1]},
								"west": {"uv": [0, 0], "uv_size": [0, 1]},
								"up": {"uv": [0, 0], "uv_size": [1, 0]},
								"down": {"uv": [0, 0], "uv_size": [1, 0]}
							}
						},
						{
							"origin": [1.05439, -0.23061, -3.48726],
							"size": [-0.58125, 0.58125, 0.00116],
							"pivot": [-1.17051, 2.44737, -3.29514],
							"rotation": [-97.95591, -72.39661, 98.9956],
							"uv": {
								"north": {"uv": [5, 4], "uv_size": [1, 1]},
								"east": {"uv": [0, 0], "uv_size": [0, 1]},
								"south": {"uv": [5, 5], "uv_size": [1, 1]},
								"west": {"uv": [0, 0], "uv_size": [0, 1]},
								"up": {"uv": [0, 0], "uv_size": [1, 0]},
								"down": {"uv": [0, 0], "uv_size": [1, 0]}
							}
						},
						{
							"origin": [0.18933, 0.68168, -3.32066],
							"size": [0.58125, 0.58125, 0.00116],
							"pivot": [-1.17589, 2.51255, -3.12855],
							"rotation": [-94.79777, -59.96866, 95.5639],
							"uv": {
								"north": {"uv": [2, 6], "uv_size": [1, 1]},
								"east": {"uv": [0, 0], "uv_size": [0, 1]},
								"south": {"uv": [6, 2], "uv_size": [1, 1]},
								"west": {"uv": [0, 0], "uv_size": [0, 1]},
								"up": {"uv": [0, 0], "uv_size": [1, 0]},
								"down": {"uv": [0, 0], "uv_size": [1, 0]}
							}
						},
						{
							"origin": [1.02728, -1.05032, -3.32085],
							"size": [-0.58125, 0.58125, 0.00116],
							"pivot": [-1.19763, 1.62766, -3.12872],
							"rotation": [-101.00226, -77.33017, 102.14846],
							"uv": {
								"north": {"uv": [3, 6], "uv_size": [1, 1]},
								"east": {"uv": [0, 0], "uv_size": [0, 1]},
								"south": {"uv": [6, 3], "uv_size": [1, 1]},
								"west": {"uv": [0, 0], "uv_size": [0, 1]},
								"up": {"uv": [0, 0], "uv_size": [1, 0]},
								"down": {"uv": [0, 0], "uv_size": [1, 0]}
							}
						},
						{
							"origin": [0.98504, -1.65095, -2.66537],
							"size": [-0.58125, 0.58125, 0.00116],
							"pivot": [-1.23987, 1.02703, -2.47326],
							"rotation": [-97.95591, -72.39661, 98.9956],
							"uv": {
								"north": {"uv": [4, 6], "uv_size": [1, 1]},
								"east": {"uv": [0, 0], "uv_size": [0, 1]},
								"south": {"uv": [6, 4], "uv_size": [1, 1]},
								"west": {"uv": [0, 0], "uv_size": [0, 1]},
								"up": {"uv": [0, 0], "uv_size": [1, 0]},
								"down": {"uv": [0, 0], "uv_size": [1, 0]}
							}
						},
						{
							"origin": [0.95123, -2.37911, -2.28543],
							"size": [-0.58125, 0.58125, 0.00116],
							"pivot": [-1.27368, 0.29888, -2.09332],
							"rotation": [-97.95591, -72.39661, 98.9956],
							"uv": {
								"north": {"uv": [5, 6], "uv_size": [1, 1]},
								"east": {"uv": [0, 0], "uv_size": [0, 1]},
								"south": {"uv": [6, 5], "uv_size": [1, 1]},
								"west": {"uv": [0, 0], "uv_size": [0, 1]},
								"up": {"uv": [0, 0], "uv_size": [1, 0]},
								"down": {"uv": [0, 0], "uv_size": [1, 0]}
							}
						},
						{
							"origin": [0.91741, -3.10725, -1.90549],
							"size": [-0.58125, 0.58125, 0.00116],
							"pivot": [-1.3075, -0.42927, -1.71338],
							"rotation": [-97.95591, -72.39661, 98.9956],
							"uv": {
								"north": {"uv": [6, 6], "uv_size": [1, 1]},
								"east": {"uv": [0, 0], "uv_size": [0, 1]},
								"south": {"uv": [2, 7], "uv_size": [1, 1]},
								"west": {"uv": [0, 0], "uv_size": [0, 1]},
								"up": {"uv": [0, 0], "uv_size": [1, 0]},
								"down": {"uv": [0, 0], "uv_size": [1, 0]}
							}
						},
						{
							"origin": [-1.28496, -4.38158, -0.00799],
							"size": [-0.58125, 0.58125, 0.00116],
							"pivot": [-1.28496, -4.38158, -0.00683],
							"rotation": [-97.95591, -72.39661, 98.9956],
							"uv": {
								"north": {"uv": [7, 2], "uv_size": [1, 1]},
								"east": {"uv": [0, 0], "uv_size": [0, 1]},
								"south": {"uv": [3, 7], "uv_size": [1, 1]},
								"west": {"uv": [0, 0], "uv_size": [0, 1]},
								"up": {"uv": [0, 0], "uv_size": [1, 0]},
								"down": {"uv": [0, 0], "uv_size": [1, 0]}
							}
						}
					]
				},
				{
					"name": "bone2",
					"parent": "goei",
					"pivot": [-0.5175, 1.56337, -2.5648],
					"rotation": [37.49575, 1.23031, -53.32339],
					"cubes": [
						{
							"origin": [-0.5175, 0.98212, -2.5648],
							"size": [0.58125, 0.58125, 0.00012],
							"pivot": [-0.5175, 1.56337, -2.5648],
							"rotation": [-75.714, -45.14541, 96.87348],
							"uv": {
								"north": {"uv": [7, 3], "uv_size": [1, 1]},
								"east": {"uv": [0, 0], "uv_size": [0, 1]},
								"south": {"uv": [4, 7], "uv_size": [1, 1]},
								"west": {"uv": [0, 0], "uv_size": [0, 1]},
								"up": {"uv": [0, 0], "uv_size": [1, 0]},
								"down": {"uv": [0, 0], "uv_size": [1, 0]}
							}
						},
						{
							"origin": [1.34838, -0.1982, -3.47554],
							"size": [-0.58125, 0.58125, 0.00116],
							"pivot": [-0.87651, 2.47978, -3.28343],
							"rotation": [-97.95591, -72.39661, 98.9956],
							"uv": {
								"north": {"uv": [7, 4], "uv_size": [1, 1]},
								"east": {"uv": [0, 0], "uv_size": [0, 1]},
								"south": {"uv": [5, 7], "uv_size": [1, 1]},
								"west": {"uv": [0, 0], "uv_size": [0, 1]},
								"up": {"uv": [0, 0], "uv_size": [1, 0]},
								"down": {"uv": [0, 0], "uv_size": [1, 0]}
							}
						},
						{
							"origin": [0.48333, 0.71411, -3.30894],
							"size": [0.58125, 0.58125, 0.00116],
							"pivot": [-0.8819, 2.54496, -3.11683],
							"rotation": [-94.79777, -59.96866, 95.5639],
							"uv": {
								"north": {"uv": [7, 5], "uv_size": [1, 1]},
								"east": {"uv": [0, 0], "uv_size": [0, 1]},
								"south": {"uv": [6, 7], "uv_size": [1, 1]},
								"west": {"uv": [0, 0], "uv_size": [0, 1]},
								"up": {"uv": [0, 0], "uv_size": [1, 0]},
								"down": {"uv": [0, 0], "uv_size": [1, 0]}
							}
						},
						{
							"origin": [1.32126, -1.01791, -3.30913],
							"size": [-0.58125, 0.58125, 0.00116],
							"pivot": [-0.90364, 1.66007, -3.117],
							"rotation": [-101.00226, -77.33017, 102.14846],
							"uv": {
								"north": {"uv": [7, 6], "uv_size": [1, 1]},
								"east": {"uv": [0, 0], "uv_size": [0, 1]},
								"south": {"uv": [7, 7], "uv_size": [1, 1]},
								"west": {"uv": [0, 0], "uv_size": [0, 1]},
								"up": {"uv": [0, 0], "uv_size": [1, 0]},
								"down": {"uv": [0, 0], "uv_size": [1, 0]}
							}
						},
						{
							"origin": [1.27904, -1.61853, -2.65365],
							"size": [-0.58125, 0.58125, 0.00116],
							"pivot": [-0.94587, 1.05945, -2.46154],
							"rotation": [-97.95591, -72.39661, 98.9956],
							"uv": {
								"north": {"uv": [2, 8], "uv_size": [1, 1]},
								"east": {"uv": [0, 0], "uv_size": [0, 1]},
								"south": {"uv": [8, 2], "uv_size": [1, 1]},
								"west": {"uv": [0, 0], "uv_size": [0, 1]},
								"up": {"uv": [0, 0], "uv_size": [1, 0]},
								"down": {"uv": [0, 0], "uv_size": [1, 0]}
							}
						},
						{
							"origin": [1.24522, -2.34669, -2.27371],
							"size": [-0.58125, 0.58125, 0.00116],
							"pivot": [-0.97969, 0.3313, -2.0816],
							"rotation": [-97.95591, -72.39661, 98.9956],
							"uv": {
								"north": {"uv": [3, 8], "uv_size": [1, 1]},
								"east": {"uv": [0, 0], "uv_size": [0, 1]},
								"south": {"uv": [8, 3], "uv_size": [1, 1]},
								"west": {"uv": [0, 0], "uv_size": [0, 1]},
								"up": {"uv": [0, 0], "uv_size": [1, 0]},
								"down": {"uv": [0, 0], "uv_size": [1, 0]}
							}
						},
						{
							"origin": [1.2114, -3.07484, -1.89377],
							"size": [-0.58125, 0.58125, 0.00116],
							"pivot": [-1.0135, -0.39686, -1.70166],
							"rotation": [-97.95591, -72.39661, 98.9956],
							"uv": {
								"north": {"uv": [4, 8], "uv_size": [1, 1]},
								"east": {"uv": [0, 0], "uv_size": [0, 1]},
								"south": {"uv": [8, 4], "uv_size": [1, 1]},
								"west": {"uv": [0, 0], "uv_size": [0, 1]},
								"up": {"uv": [0, 0], "uv_size": [1, 0]},
								"down": {"uv": [0, 0], "uv_size": [1, 0]}
							}
						},
						{
							"origin": [-0.99096, -4.34916, 0.00373],
							"size": [-0.58125, 0.58125, 0.00116],
							"pivot": [-0.99096, -4.34916, 0.00489],
							"rotation": [-97.95591, -72.39661, 98.9956],
							"uv": {
								"north": {"uv": [5, 8], "uv_size": [1, 1]},
								"east": {"uv": [0, 0], "uv_size": [0, 1]},
								"south": {"uv": [8, 5], "uv_size": [1, 1]},
								"west": {"uv": [0, 0], "uv_size": [0, 1]},
								"up": {"uv": [0, 0], "uv_size": [1, 0]},
								"down": {"uv": [0, 0], "uv_size": [1, 0]}
							}
						}
					]
				}
			]
		}
	]
}