{
    "model": "fire_fox:gun/fire_fox_geo",
    "texture": "fire_fox:gun/uv/fire_fox",
    "slot":"fire_fox:gun/slot/fire_fox",
    "hud":"fire_fox:gun/hud/goei",
    "animation": "fire_fox:fire_fox",
    "sounds":{"shoot":"fire_fox:fox_mask/fox_mask_shoot",
               "draw":"fire_fox:fox_mask/fox_mask_draw",
               "dry_fire":"fire_fox:fox_mask/fox_mask_dry_fire",
               "inspect":"fire_fox:fox_mask/fox_mask_inspect",
               "inspect_empty":"fire_fox:fox_mask/fox_mask_inspect_empty",
               "put_away":"fire_fox:fox_mask/fox_mask_put_away",
               "reload_empty":"fire_fox:fox_mask/fox_mask_reload_empty",
               "reload_tactical":"fire_fox:fox_mask/fox_mask_reload_tactical" 
                    },                   
     "third_person_animation": "default"
}