{
	"format_version": "1.12.0",
	"minecraft:geometry": [
		{
			"description": {
				"identifier": "geometry.unknown",
				"texture_width": 256,
				"texture_height": 256,
				"visible_bounds_width": 21,
				"visible_bounds_height": 1.5,
				"visible_bounds_offset": [0, 0.25, 0]
			},
			"bones": [
				{
					"name": "emx_tac_grip",
					"pivot": [-0.36601, -0.467, 0.75002]
				},
				{
					"name": "bone10",
					"parent": "emx_tac_grip",
					"pivot": [0, -0.85937, -1.84375],
					"cubes": [
						{
							"origin": [-0.48437, -0.60937, -2.21875],
							"size": [0.96875, 0.23438, 5.23438],
							"uv": {
								"north": {"uv": [7, 16], "uv_size": [1, 0.5]},
								"east": {"uv": [7, 2], "uv_size": [5, 0.5]},
								"south": {"uv": [4, 20], "uv_size": [1, 0.5]},
								"west": {"uv": [7, 3], "uv_size": [5, 0.5]},
								"up": {"uv": [2, 2], "uv_size": [1, 5]},
								"down": {"uv": [3, 7], "uv_size": [1, -5]}
							}
						},
						{
							"origin": [-0.39062, -0.60937, 1.23438],
							"size": [0.78125, 0.46875, 1.78125],
							"pivot": [0, -0.60937, 3.01563],
							"rotation": [62.5, 0, 0],
							"uv": {
								"north": {"uv": [20, 4], "uv_size": [1, 0.5]},
								"east": {"uv": [13, 14], "uv_size": [2, 0.5]},
								"south": {"uv": [5, 20], "uv_size": [1, 0.5]},
								"west": {"uv": [4, 15], "uv_size": [2, 0.5]},
								"up": {"uv": [8, 10], "uv_size": [1, 2]},
								"down": {"uv": [9, 12], "uv_size": [1, -2]}
							}
						},
						{
							"origin": [-0.39062, -0.54687, 2.35938],
							"size": [0.78125, 0.17188, 0.25],
							"pivot": [0, -0.60937, 2.51563],
							"rotation": [127.5, 0, 0],
							"uv": {
								"north": {"uv": [20, 5], "uv_size": [1, 0.5]},
								"east": {"uv": [20, 22], "uv_size": [0.5, 0.5]},
								"south": {"uv": [20, 7], "uv_size": [1, 0.5]},
								"west": {"uv": [22, 20], "uv_size": [0.5, 0.5]},
								"up": {"uv": [8, 20], "uv_size": [1, 0.5]},
								"down": {"uv": [20, 10.5], "uv_size": [1, -0.5]}
							}
						},
						{
							"origin": [-0.39062, -0.71874, -0.15625],
							"size": [0.78125, 0.32813, 0.23438],
							"pivot": [0, -0.60937, -0.0625],
							"rotation": [177.5, 0, 0],
							"uv": {
								"north": {"uv": [11, 20], "uv_size": [1, 0.5]},
								"east": {"uv": [21, 22], "uv_size": [0.5, 0.5]},
								"south": {"uv": [12, 20], "uv_size": [1, 0.5]},
								"west": {"uv": [22, 21], "uv_size": [0.5, 0.5]},
								"up": {"uv": [20, 12], "uv_size": [1, 0.5]},
								"down": {"uv": [13, 20.5], "uv_size": [1, -0.5]}
							}
						},
						{
							"origin": [-0.39062, -0.71874, -0.0625],
							"size": [0.78125, 0.34375, 0.1875],
							"pivot": [0, -0.60937, 0.03125],
							"rotation": [134, 0, 0],
							"uv": {
								"north": {"uv": [20, 13], "uv_size": [1, 0.5]},
								"east": {"uv": [22, 22], "uv_size": [0.5, 0.5]},
								"south": {"uv": [14, 20], "uv_size": [1, 0.5]},
								"west": {"uv": [2, 23], "uv_size": [0.5, 0.5]},
								"up": {"uv": [15, 20], "uv_size": [1, 0.5]},
								"down": {"uv": [20, 15.5], "uv_size": [1, -0.5]}
							}
						},
						{
							"origin": [-0.39062, -0.48437, 1.04688],
							"size": [0.78125, 0.21875, 0.40625],
							"pivot": [0, -0.60937, 3.01563],
							"rotation": [62.5, 0, 0],
							"uv": {
								"north": {"uv": [16, 20], "uv_size": [1, 0.5]},
								"east": {"uv": [23, 2], "uv_size": [0.5, 0.5]},
								"south": {"uv": [20, 16], "uv_size": [1, 0.5]},
								"west": {"uv": [3, 23], "uv_size": [0.5, 0.5]},
								"up": {"uv": [17, 20], "uv_size": [1, 0.5]},
								"down": {"uv": [20, 17.5], "uv_size": [1, -0.5]}
							}
						},
						{
							"origin": [-0.39062, -2.29354, 1.99704],
							"size": [0.78125, 0.21875, 0.40625],
							"pivot": [0, -2.29687, 2],
							"rotation": [62.5, 0, 0],
							"uv": {
								"north": {"uv": [18, 20], "uv_size": [1, 0.5]},
								"east": {"uv": [23, 3], "uv_size": [0.5, 0.5]},
								"south": {"uv": [20, 19], "uv_size": [1, 0.5]},
								"west": {"uv": [4, 23], "uv_size": [0.5, 0.5]},
								"up": {"uv": [20, 20], "uv_size": [1, 0.5]},
								"down": {"uv": [2, 21.5], "uv_size": [1, -0.5]}
							}
						},
						{
							"origin": [-0.39062, -2.19762, 1.80241],
							"size": [0.78125, 0.21187, 0.12714],
							"pivot": [0, -2.20312, 1.79688],
							"rotation": [7.5, 0, 0],
							"uv": {
								"north": {"uv": [21, 2], "uv_size": [1, 0.5]},
								"east": {"uv": [23, 4], "uv_size": [0.5, 0.5]},
								"south": {"uv": [3, 21], "uv_size": [1, 0.5]},
								"west": {"uv": [5, 23], "uv_size": [0.5, 0.5]},
								"up": {"uv": [21, 3], "uv_size": [1, 0.5]},
								"down": {"uv": [4, 21.5], "uv_size": [1, -0.5]}
							}
						},
						{
							"origin": [-0.39062, -2.52791, 1.99704],
							"size": [0.78125, 0.23438, 0.14063],
							"pivot": [0, -2.29687, 2],
							"rotation": [119.75, 0, 0],
							"uv": {
								"north": {"uv": [21, 4], "uv_size": [1, 0.5]},
								"east": {"uv": [23, 5], "uv_size": [0.5, 0.5]},
								"south": {"uv": [5, 21], "uv_size": [1, 0.5]},
								"west": {"uv": [6, 23], "uv_size": [0.5, 0.5]},
								"up": {"uv": [21, 5], "uv_size": [1, 0.5]},
								"down": {"uv": [6, 21.5], "uv_size": [1, -0.5]}
							}
						},
						{
							"origin": [-0.39062, -0.60937, 1.23438],
							"size": [0.78125, 3.39063, 0.21875],
							"pivot": [0, -0.60937, 3.01563],
							"rotation": [62.5, 0, 0],
							"uv": {
								"north": {"uv": [6, 2], "uv_size": [1, 3.5]},
								"east": {"uv": [12, 2], "uv_size": [0.5, 3.5]},
								"south": {"uv": [6, 6], "uv_size": [1, 3.5]},
								"west": {"uv": [3, 12], "uv_size": [0.5, 3.5]},
								"up": {"uv": [21, 6], "uv_size": [1, 0.5]},
								"down": {"uv": [7, 21.5], "uv_size": [1, -0.5]}
							}
						},
						{
							"origin": [-0.32812, -0.28124, 1.17188],
							"size": [0.65625, 3.0625, 0.34375],
							"pivot": [0, -0.60937, 3.01563],
							"rotation": [62.5, 0, 0],
							"uv": {
								"north": {"uv": [4, 12], "uv_size": [0.5, 3]},
								"east": {"uv": [5, 12], "uv_size": [0.5, 3]},
								"south": {"uv": [12, 6], "uv_size": [0.5, 3]},
								"west": {"uv": [8, 12], "uv_size": [0.5, 3]},
								"up": {"uv": [23, 6], "uv_size": [0.5, 0.5]},
								"down": {"uv": [7, 23.5], "uv_size": [0.5, -0.5]}
							}
						},
						{
							"origin": [-0.39346, -0.70029, -2.21875],
							"size": [0.78691, 0.09092, 5.23438],
							"uv": {
								"north": {"uv": [21, 7], "uv_size": [1, 0.5]},
								"east": {"uv": [7, 4], "uv_size": [5, 0.5]},
								"south": {"uv": [8, 21], "uv_size": [1, 0.5]},
								"west": {"uv": [7, 5], "uv_size": [5, 0.5]},
								"up": {"uv": [4, 2], "uv_size": [1, 5]},
								"down": {"uv": [5, 7], "uv_size": [1, -5]}
							}
						},
						{
							"origin": [-0.51846, -1.20029, -2.09375],
							"size": [1.03691, 0.62217, 0.26563],
							"uv": {
								"north": {"uv": [21, 8], "uv_size": [1, 0.5]},
								"east": {"uv": [23, 7], "uv_size": [0.5, 0.5]},
								"south": {"uv": [9, 21], "uv_size": [1, 0.5]},
								"west": {"uv": [8, 23], "uv_size": [0.5, 0.5]},
								"up": {"uv": [21, 9], "uv_size": [1, 0.5]},
								"down": {"uv": [10, 21.5], "uv_size": [1, -0.5]}
							}
						},
						{
							"origin": [-0.40314, -1.20029, -2.20624],
							"size": [0.80627, 0.62217, 0.11249],
							"uv": {
								"north": {"uv": [21, 10], "uv_size": [1, 0.5]},
								"east": {"uv": [23, 8], "uv_size": [0.5, 0.5]},
								"south": {"uv": [11, 21], "uv_size": [1, 0.5]},
								"west": {"uv": [9, 23], "uv_size": [0.5, 0.5]},
								"up": {"uv": [21, 11], "uv_size": [1, 0.5]},
								"down": {"uv": [12, 21.5], "uv_size": [1, -0.5]}
							}
						},
						{
							"origin": [-0.51846, -1.20029, -2.09375],
							"size": [0.16191, 0.62217, 0.17188],
							"pivot": [-0.51562, -1.10937, -2.09375],
							"rotation": [0, 45, 0],
							"uv": {
								"north": {"uv": [23, 9], "uv_size": [0.5, 0.5]},
								"east": {"uv": [10, 23], "uv_size": [0.5, 0.5]},
								"south": {"uv": [23, 10], "uv_size": [0.5, 0.5]},
								"west": {"uv": [11, 23], "uv_size": [0.5, 0.5]},
								"up": {"uv": [23, 11], "uv_size": [0.5, 0.5]},
								"down": {"uv": [12, 23.5], "uv_size": [0.5, -0.5]}
							}
						},
						{
							"origin": [0.35654, -1.20029, -2.09375],
							"size": [0.16191, 0.62217, 0.17188],
							"pivot": [0.51563, -1.10937, -2.09375],
							"rotation": [0, -45, 0],
							"uv": {
								"north": {"uv": [23, 12], "uv_size": [0.5, 0.5]},
								"east": {"uv": [13, 23], "uv_size": [0.5, 0.5]},
								"south": {"uv": [23, 13], "uv_size": [0.5, 0.5]},
								"west": {"uv": [14, 23], "uv_size": [0.5, 0.5]},
								"up": {"uv": [23, 14], "uv_size": [0.5, 0.5]},
								"down": {"uv": [15, 23.5], "uv_size": [0.5, -0.5]}
							}
						},
						{
							"origin": [-0.51846, -1.05966, -3],
							"size": [1.03691, 0.24717, 0.17188],
							"pivot": [0, -2.15625, -2.0625],
							"rotation": [-45, 0, 0],
							"uv": {
								"north": {"uv": [21, 12], "uv_size": [1, 0.5]},
								"east": {"uv": [23, 15], "uv_size": [0.5, 0.5]},
								"south": {"uv": [13, 21], "uv_size": [1, 0.5]},
								"west": {"uv": [16, 23], "uv_size": [0.5, 0.5]},
								"up": {"uv": [21, 13], "uv_size": [1, 0.5]},
								"down": {"uv": [14, 21.5], "uv_size": [1, -0.5]}
							}
						},
						{
							"origin": [1.9375, -1.6658, -2.21875],
							"size": [0.12858, 0.13456, 5.23438],
							"pivot": [0, -3.04687, -1.25],
							"rotation": [0, 0, -45],
							"uv": {
								"north": {"uv": [23, 16], "uv_size": [0.5, 0.5]},
								"east": {"uv": [7, 6], "uv_size": [5, 0.5]},
								"south": {"uv": [17, 23], "uv_size": [0.5, 0.5]},
								"west": {"uv": [7, 7], "uv_size": [5, 0.5]},
								"up": {"uv": [2, 7], "uv_size": [0.5, 5]},
								"down": {"uv": [3, 12], "uv_size": [0.5, -5]}
							}
						},
						{
							"origin": [-2.06608, -1.6658, -2.21875],
							"size": [0.12858, 0.13456, 5.23438],
							"pivot": [0, -3.04687, -1.25],
							"rotation": [0, 0, 45],
							"uv": {
								"north": {"uv": [23, 17], "uv_size": [0.5, 0.5]},
								"east": {"uv": [7, 8], "uv_size": [5, 0.5]},
								"south": {"uv": [18, 23], "uv_size": [0.5, 0.5]},
								"west": {"uv": [7, 9], "uv_size": [5, 0.5]},
								"up": {"uv": [4, 7], "uv_size": [0.5, 5]},
								"down": {"uv": [5, 12], "uv_size": [0.5, -5]}
							}
						}
					]
				},
				{
					"name": "dizuoi",
					"parent": "bone10",
					"pivot": [0, -6.85937, 12.15625],
					"cubes": [
						{
							"origin": [-0.6064, -0.62797, -2.23437],
							"size": [1.2128, 0.2686, 2.34009],
							"uv": {
								"north": {"uv": [21, 14], "uv_size": [1, 0.5]},
								"east": {"uv": [10, 12], "uv_size": [2.5, 0.5]},
								"south": {"uv": [15, 21], "uv_size": [1, 0.5]},
								"west": {"uv": [12, 11], "uv_size": [2.5, 0.5]},
								"up": {"uv": [6, 10], "uv_size": [1, 2.5]},
								"down": {"uv": [7, 12.5], "uv_size": [1, -2.5]}
							}
						},
						{
							"origin": [0.50937, 0.20958, -2.23437],
							"size": [0.125, 0.11469, 2.34009],
							"pivot": [0.96249, -1.55605, -0.85937],
							"rotation": [0, 0, -45],
							"uv": {
								"north": {"uv": [23, 18], "uv_size": [0.5, 0.5]},
								"east": {"uv": [13, 2], "uv_size": [2.5, 0.5]},
								"south": {"uv": [19, 23], "uv_size": [0.5, 0.5]},
								"west": {"uv": [13, 3], "uv_size": [2.5, 0.5]},
								"up": {"uv": [13, 4], "uv_size": [0.5, 2.5]},
								"down": {"uv": [6, 15.5], "uv_size": [0.5, -2.5]}
							}
						},
						{
							"origin": [-0.6875, -0.54687, -2.23437],
							"size": [0.34375, 0.13032, 2.34009],
							"uv": {
								"north": {"uv": [23, 19], "uv_size": [0.5, 0.5]},
								"east": {"uv": [13, 7], "uv_size": [2.5, 0.5]},
								"south": {"uv": [20, 23], "uv_size": [0.5, 0.5]},
								"west": {"uv": [13, 8], "uv_size": [2.5, 0.5]},
								"up": {"uv": [7, 13], "uv_size": [0.5, 2.5]},
								"down": {"uv": [10, 15.5], "uv_size": [0.5, -2.5]}
							}
						},
						{
							"origin": [-0.6875, -0.32812, -0.10937],
							"size": [0.34375, 0.21875, 0.375],
							"pivot": [-0.125, -0.10937, -0.10937],
							"rotation": [-55, 0, 0],
							"uv": {
								"north": {"uv": [23, 20], "uv_size": [0.5, 0.5]},
								"east": {"uv": [21, 23], "uv_size": [0.5, 0.5]},
								"south": {"uv": [23, 21], "uv_size": [0.5, 0.5]},
								"west": {"uv": [22, 23], "uv_size": [0.5, 0.5]},
								"up": {"uv": [23, 22], "uv_size": [0.5, 0.5]},
								"down": {"uv": [23, 23.5], "uv_size": [0.5, -0.5]}
							}
						},
						{
							"origin": [-0.6875, -0.42187, -2.23437],
							"size": [0.34375, 0.3125, 2.125],
							"uv": {
								"north": {"uv": [2, 24], "uv_size": [0.5, 0.5]},
								"east": {"uv": [15, 4], "uv_size": [2, 0.5]},
								"south": {"uv": [24, 2], "uv_size": [0.5, 0.5]},
								"west": {"uv": [15, 5], "uv_size": [2, 0.5]},
								"up": {"uv": [9, 14], "uv_size": [0.5, 2]},
								"down": {"uv": [8, 17], "uv_size": [0.5, -2]}
							}
						},
						{
							"origin": [-0.63437, 0.20958, -2.23437],
							"size": [0.125, 0.11469, 2.34009],
							"pivot": [-0.96249, -1.55605, -0.85937],
							"rotation": [0, 0, 45],
							"uv": {
								"north": {"uv": [3, 24], "uv_size": [0.5, 0.5]},
								"east": {"uv": [13, 9], "uv_size": [2.5, 0.5]},
								"south": {"uv": [24, 3], "uv_size": [0.5, 0.5]},
								"west": {"uv": [13, 10], "uv_size": [2.5, 0.5]},
								"up": {"uv": [11, 13], "uv_size": [0.5, 2.5]},
								"down": {"uv": [12, 15.5], "uv_size": [0.5, -2.5]}
							}
						},
						{
							"origin": [0.34375, -0.54687, -2.23437],
							"size": [0.34375, 0.13032, 2.34009],
							"uv": {
								"north": {"uv": [4, 24], "uv_size": [0.5, 0.5]},
								"east": {"uv": [13, 12], "uv_size": [2.5, 0.5]},
								"south": {"uv": [24, 4], "uv_size": [0.5, 0.5]},
								"west": {"uv": [13, 13], "uv_size": [2.5, 0.5]},
								"up": {"uv": [2, 14], "uv_size": [0.5, 2.5]},
								"down": {"uv": [14, 6.5], "uv_size": [0.5, -2.5]}
							}
						},
						{
							"origin": [0.34375, -0.32812, -0.10937],
							"size": [0.34375, 0.21875, 0.375],
							"pivot": [0.125, -0.10937, -0.10937],
							"rotation": [-55, 0, 0],
							"uv": {
								"north": {"uv": [5, 24], "uv_size": [0.5, 0.5]},
								"east": {"uv": [24, 5], "uv_size": [0.5, 0.5]},
								"south": {"uv": [6, 24], "uv_size": [0.5, 0.5]},
								"west": {"uv": [24, 6], "uv_size": [0.5, 0.5]},
								"up": {"uv": [7, 24], "uv_size": [0.5, 0.5]},
								"down": {"uv": [24, 7.5], "uv_size": [0.5, -0.5]}
							}
						},
						{
							"origin": [0.34375, -0.42187, -2.23437],
							"size": [0.34375, 0.3125, 2.125],
							"uv": {
								"north": {"uv": [8, 24], "uv_size": [0.5, 0.5]},
								"east": {"uv": [15, 6], "uv_size": [2, 0.5]},
								"south": {"uv": [24, 8], "uv_size": [0.5, 0.5]},
								"west": {"uv": [15, 11], "uv_size": [2, 0.5]},
								"up": {"uv": [13, 15], "uv_size": [0.5, 2]},
								"down": {"uv": [14, 17], "uv_size": [0.5, -2]}
							}
						}
					]
				},
				{
					"name": "leize",
					"parent": "bone10",
					"pivot": [0, -10.85937, 12.15625]
				},
				{
					"name": "bone11_illuminated",
					"parent": "leize",
					"pivot": [0, -10.85937, 12.15625],
					"cubes": [
						{
							"origin": [-0.49219, -0.54687, 0.1875],
							"size": [0.98438, 0.09375, 0.71875],
							"uv": {
								"east": {"uv": [9, 24], "uv_size": [0.5, 0.5]},
								"west": {"uv": [24, 9], "uv_size": [0.5, 0.5]}
							}
						},
						{
							"origin": [-0.49219, -0.54687, 1.1875],
							"size": [0.98438, 0.09375, 0.71875],
							"uv": {
								"east": {"uv": [10, 24], "uv_size": [0.5, 0.5]},
								"west": {"uv": [24, 10], "uv_size": [0.5, 0.5]}
							}
						},
						{
							"origin": [-0.49219, -0.54687, 2.1875],
							"size": [0.98438, 0.09375, 0.71875],
							"uv": {
								"east": {"uv": [11, 24], "uv_size": [0.5, 0.5]},
								"west": {"uv": [24, 11], "uv_size": [0.5, 0.5]}
							}
						}
					]
				},
				{
					"name": "dinzi",
					"parent": "bone10",
					"pivot": [0, -6.85937, 12.15625],
					"cubes": [
						{
							"origin": [-0.70089, -0.16291, -1.65474],
							"size": [1.40179, 0.19892, 0.08239],
							"pivot": [0.01635, -0.12499, -2.31852],
							"rotation": [-22.5, 0, 0],
							"uv": {
								"north": {"uv": [16, 2], "uv_size": [1.5, 0.5]},
								"east": {"uv": [12, 24], "uv_size": [0.5, 0.5]},
								"south": {"uv": [3, 16], "uv_size": [1.5, 0.5]},
								"west": {"uv": [24, 12], "uv_size": [0.5, 0.5]},
								"up": {"uv": [16, 3], "uv_size": [1.5, 0.5]},
								"down": {"uv": [5, 16.5], "uv_size": [1.5, -0.5]}
							}
						},
						{
							"origin": [-0.70089, -0.10464, -1.713],
							"size": [1.40179, 0.08239, 0.19892],
							"pivot": [0.01635, -0.12499, -2.31852],
							"rotation": [-22.5, 0, 0],
							"uv": {
								"north": {"uv": [16, 7], "uv_size": [1.5, 0.5]},
								"east": {"uv": [13, 24], "uv_size": [0.5, 0.5]},
								"south": {"uv": [16, 8], "uv_size": [1.5, 0.5]},
								"west": {"uv": [24, 13], "uv_size": [0.5, 0.5]},
								"up": {"uv": [9, 16], "uv_size": [1.5, 0.5]},
								"down": {"uv": [16, 9.5], "uv_size": [1.5, -0.5]}
							}
						},
						{
							"origin": [-0.70089, -0.67942, -1.8177],
							"size": [1.40179, 0.19892, 0.08239],
							"pivot": [0.01635, -0.12499, -2.31852],
							"rotation": [22.5, 0, 0],
							"uv": {
								"north": {"uv": [16, 10], "uv_size": [1.5, 0.5]},
								"east": {"uv": [14, 24], "uv_size": [0.5, 0.5]},
								"south": {"uv": [11, 16], "uv_size": [1.5, 0.5]},
								"west": {"uv": [24, 14], "uv_size": [0.5, 0.5]},
								"up": {"uv": [16, 12], "uv_size": [1.5, 0.5]},
								"down": {"uv": [16, 13.5], "uv_size": [1.5, -0.5]}
							}
						},
						{
							"origin": [-0.70089, -0.62116, -1.87596],
							"size": [1.40179, 0.08239, 0.19892],
							"pivot": [0.01635, -0.12499, -2.31852],
							"rotation": [22.5, 0, 0],
							"uv": {
								"north": {"uv": [15, 16], "uv_size": [1.5, 0.5]},
								"east": {"uv": [15, 24], "uv_size": [0.5, 0.5]},
								"south": {"uv": [2, 17], "uv_size": [1.5, 0.5]},
								"west": {"uv": [24, 15], "uv_size": [0.5, 0.5]},
								"up": {"uv": [4, 17], "uv_size": [1.5, 0.5]},
								"down": {"uv": [17, 4.5], "uv_size": [1.5, -0.5]}
							}
						},
						{
							"origin": [-0.70089, -0.10464, -0.588],
							"size": [1.40179, 0.08239, 0.19892],
							"pivot": [0.01635, -0.12499, -1.19352],
							"rotation": [-22.5, 0, 0],
							"uv": {
								"north": {"uv": [17, 5], "uv_size": [1.5, 0.5]},
								"east": {"uv": [16, 24], "uv_size": [0.5, 0.5]},
								"south": {"uv": [6, 17], "uv_size": [1.5, 0.5]},
								"west": {"uv": [24, 16], "uv_size": [0.5, 0.5]},
								"up": {"uv": [17, 6], "uv_size": [1.5, 0.5]},
								"down": {"uv": [8, 17.5], "uv_size": [1.5, -0.5]}
							}
						},
						{
							"origin": [-0.70089, -0.67942, -0.6927],
							"size": [1.40179, 0.19892, 0.08239],
							"pivot": [0.01635, -0.12499, -1.19352],
							"rotation": [22.5, 0, 0],
							"uv": {
								"north": {"uv": [10, 17], "uv_size": [1.5, 0.5]},
								"east": {"uv": [17, 24], "uv_size": [0.5, 0.5]},
								"south": {"uv": [17, 11], "uv_size": [1.5, 0.5]},
								"west": {"uv": [24, 17], "uv_size": [0.5, 0.5]},
								"up": {"uv": [12, 17], "uv_size": [1.5, 0.5]},
								"down": {"uv": [14, 17.5], "uv_size": [1.5, -0.5]}
							}
						},
						{
							"origin": [-0.70089, -0.16291, -0.52974],
							"size": [1.40179, 0.19892, 0.08239],
							"pivot": [0.01635, -0.12499, -1.19352],
							"rotation": [-22.5, 0, 0],
							"uv": {
								"north": {"uv": [17, 14], "uv_size": [1.5, 0.5]},
								"east": {"uv": [18, 24], "uv_size": [0.5, 0.5]},
								"south": {"uv": [17, 15], "uv_size": [1.5, 0.5]},
								"west": {"uv": [24, 18], "uv_size": [0.5, 0.5]},
								"up": {"uv": [16, 17], "uv_size": [1.5, 0.5]},
								"down": {"uv": [17, 16.5], "uv_size": [1.5, -0.5]}
							}
						},
						{
							"origin": [-0.70089, -0.62116, -0.75096],
							"size": [1.40179, 0.08239, 0.19892],
							"pivot": [0.01635, -0.12499, -1.19352],
							"rotation": [22.5, 0, 0],
							"uv": {
								"north": {"uv": [2, 18], "uv_size": [1.5, 0.5]},
								"east": {"uv": [19, 24], "uv_size": [0.5, 0.5]},
								"south": {"uv": [18, 2], "uv_size": [1.5, 0.5]},
								"west": {"uv": [24, 19], "uv_size": [0.5, 0.5]},
								"up": {"uv": [18, 3], "uv_size": [1.5, 0.5]},
								"down": {"uv": [4, 18.5], "uv_size": [1.5, -0.5]}
							}
						}
					]
				},
				{
					"name": "leiz",
					"parent": "emx_tac_grip",
					"pivot": [-0.36601, -0.467, 0.75002]
				},
				{
					"name": "bone2",
					"parent": "leiz",
					"pivot": [0, -6.70312, 7],
					"cubes": [
						{
							"origin": [-0.35937, -0.60937, -2.53125],
							"size": [0.71875, 0.26563, 0.59375],
							"uv": {
								"north": {"uv": [20, 24], "uv_size": [0.5, 0.5]},
								"east": {"uv": [6, 18], "uv_size": [1.5, 0.5]},
								"south": {"uv": [24, 20], "uv_size": [0.5, 0.5]},
								"west": {"uv": [18, 7], "uv_size": [1.5, 0.5]},
								"up": {"uv": [8, 18], "uv_size": [0.5, 1.5]},
								"down": {"uv": [18, 9.5], "uv_size": [0.5, -1.5]}
							}
						},
						{
							"origin": [-0.096, -0.58663, -2.55625],
							"size": [0.048, 0.07953, 0.16462],
							"uv": {
								"north": {"uv": [22, 24], "uv_size": [0.5, 0.5]},
								"east": {"uv": [24, 22], "uv_size": [0.5, 0.5]},
								"south": {"uv": [23, 24], "uv_size": [0.5, 0.5]},
								"west": {"uv": [24, 23], "uv_size": [0.5, 0.5]},
								"up": {"uv": [24, 24], "uv_size": [0.5, 0.5]},
								"down": {"uv": [2, 25.5], "uv_size": [0.5, -0.5]}
							}
						},
						{
							"origin": [-0.096, -0.58663, -2.55625],
							"size": [0.048, 0.07953, 0.16462],
							"pivot": [0, -0.54687, -2.52862],
							"rotation": [0, 0, 45],
							"uv": {
								"north": {"uv": [25, 2], "uv_size": [0.5, 0.5]},
								"east": {"uv": [3, 25], "uv_size": [0.5, 0.5]},
								"south": {"uv": [25, 3], "uv_size": [0.5, 0.5]},
								"west": {"uv": [4, 25], "uv_size": [0.5, 0.5]},
								"up": {"uv": [25, 4], "uv_size": [0.5, 0.5]},
								"down": {"uv": [5, 25.5], "uv_size": [0.5, -0.5]}
							}
						},
						{
							"origin": [0.048, -0.58663, -2.55625],
							"size": [0.048, 0.07953, 0.16462],
							"uv": {
								"north": {"uv": [25, 5], "uv_size": [0.5, 0.5]},
								"east": {"uv": [6, 25], "uv_size": [0.5, 0.5]},
								"south": {"uv": [25, 6], "uv_size": [0.5, 0.5]},
								"west": {"uv": [7, 25], "uv_size": [0.5, 0.5]},
								"up": {"uv": [25, 7], "uv_size": [0.5, 0.5]},
								"down": {"uv": [8, 25.5], "uv_size": [0.5, -0.5]}
							}
						},
						{
							"origin": [0.048, -0.58663, -2.55625],
							"size": [0.048, 0.07953, 0.16462],
							"pivot": [0, -0.54687, -2.52862],
							"rotation": [0, 0, 45],
							"uv": {
								"north": {"uv": [25, 8], "uv_size": [0.5, 0.5]},
								"east": {"uv": [9, 25], "uv_size": [0.5, 0.5]},
								"south": {"uv": [25, 9], "uv_size": [0.5, 0.5]},
								"west": {"uv": [10, 25], "uv_size": [0.5, 0.5]},
								"up": {"uv": [25, 10], "uv_size": [0.5, 0.5]},
								"down": {"uv": [11, 25.5], "uv_size": [0.5, -0.5]}
							}
						},
						{
							"origin": [-0.03976, -0.49887, -2.55625],
							"size": [0.07953, 0.048, 0.16462],
							"uv": {
								"north": {"uv": [25, 11], "uv_size": [0.5, 0.5]},
								"east": {"uv": [12, 25], "uv_size": [0.5, 0.5]},
								"south": {"uv": [25, 12], "uv_size": [0.5, 0.5]},
								"west": {"uv": [13, 25], "uv_size": [0.5, 0.5]},
								"up": {"uv": [25, 13], "uv_size": [0.5, 0.5]},
								"down": {"uv": [14, 25.5], "uv_size": [0.5, -0.5]}
							}
						},
						{
							"origin": [-0.03976, -0.49887, -2.55625],
							"size": [0.07953, 0.048, 0.16462],
							"pivot": [0, -0.54687, -2.52862],
							"rotation": [0, 0, 45],
							"uv": {
								"north": {"uv": [25, 14], "uv_size": [0.5, 0.5]},
								"east": {"uv": [15, 25], "uv_size": [0.5, 0.5]},
								"south": {"uv": [25, 15], "uv_size": [0.5, 0.5]},
								"west": {"uv": [16, 25], "uv_size": [0.5, 0.5]},
								"up": {"uv": [25, 16], "uv_size": [0.5, 0.5]},
								"down": {"uv": [17, 25.5], "uv_size": [0.5, -0.5]}
							}
						},
						{
							"origin": [-0.03976, -0.64288, -2.55625],
							"size": [0.07953, 0.048, 0.16462],
							"uv": {
								"north": {"uv": [25, 17], "uv_size": [0.5, 0.5]},
								"east": {"uv": [18, 25], "uv_size": [0.5, 0.5]},
								"south": {"uv": [25, 18], "uv_size": [0.5, 0.5]},
								"west": {"uv": [19, 25], "uv_size": [0.5, 0.5]},
								"up": {"uv": [25, 19], "uv_size": [0.5, 0.5]},
								"down": {"uv": [20, 25.5], "uv_size": [0.5, -0.5]}
							}
						},
						{
							"origin": [-0.03976, -0.64288, -2.55625],
							"size": [0.07953, 0.048, 0.16462],
							"pivot": [0, -0.54687, -2.52862],
							"rotation": [0, 0, 45],
							"uv": {
								"north": {"uv": [25, 20], "uv_size": [0.5, 0.5]},
								"east": {"uv": [21, 25], "uv_size": [0.5, 0.5]},
								"south": {"uv": [25, 21], "uv_size": [0.5, 0.5]},
								"west": {"uv": [22, 25], "uv_size": [0.5, 0.5]},
								"up": {"uv": [25, 22], "uv_size": [0.5, 0.5]},
								"down": {"uv": [23, 25.5], "uv_size": [0.5, -0.5]}
							}
						},
						{
							"origin": [-0.34374, -0.90625, -2.48437],
							"size": [0.6875, 0.39063, 0.25],
							"uv": {
								"north": {"uv": [25.5, 24], "uv_size": [-0.5, 0.5]},
								"east": {"uv": [24.5, 25], "uv_size": [-0.5, 0.5]},
								"south": {"uv": [25.5, 23], "uv_size": [-0.5, 0.5]},
								"west": {"uv": [25.5, 25], "uv_size": [-0.5, 0.5]},
								"up": {"uv": [2, 26.5], "uv_size": [0.5, -0.5]},
								"down": {"uv": [26, 2], "uv_size": [0.5, 0.5]}
							}
						},
						{
							"origin": [0.34376, -0.875, -2.96875],
							"size": [0.0625, 0.23438, 0.59375],
							"uv": {
								"north": {"uv": [4.5, 26], "uv_size": [-0.5, 0.5]},
								"east": {"uv": [26.5, 3], "uv_size": [-0.5, 0.5]},
								"south": {"uv": [3.5, 26], "uv_size": [-0.5, 0.5]},
								"west": {"uv": [26.5, 4], "uv_size": [-0.5, 0.5]},
								"up": {"uv": [5, 26.5], "uv_size": [0.5, -0.5]},
								"down": {"uv": [26, 5], "uv_size": [0.5, 0.5]}
							}
						},
						{
							"origin": [0.40626, -0.875, -2.45313],
							"size": [0.01563, 0.23438, 0.07813],
							"uv": {
								"north": {"uv": [7.5, 26], "uv_size": [-0.5, 0.5]},
								"east": {"uv": [26.5, 6], "uv_size": [-0.5, 0.5]},
								"south": {"uv": [6.5, 26], "uv_size": [-0.5, 0.5]},
								"west": {"uv": [26.5, 7], "uv_size": [-0.5, 0.5]},
								"up": {"uv": [8, 26.5], "uv_size": [0.5, -0.5]},
								"down": {"uv": [26, 8], "uv_size": [0.5, 0.5]}
							}
						},
						{
							"origin": [0.40626, -0.875, -2.57813],
							"size": [0.01563, 0.23438, 0.07813],
							"uv": {
								"north": {"uv": [10.5, 26], "uv_size": [-0.5, 0.5]},
								"east": {"uv": [26.5, 9], "uv_size": [-0.5, 0.5]},
								"south": {"uv": [9.5, 26], "uv_size": [-0.5, 0.5]},
								"west": {"uv": [26.5, 10], "uv_size": [-0.5, 0.5]},
								"up": {"uv": [11, 26.5], "uv_size": [0.5, -0.5]},
								"down": {"uv": [26, 11], "uv_size": [0.5, 0.5]}
							}
						},
						{
							"origin": [0.40626, -0.875, -2.70313],
							"size": [0.01563, 0.23438, 0.07813],
							"uv": {
								"north": {"uv": [13.5, 26], "uv_size": [-0.5, 0.5]},
								"east": {"uv": [26.5, 12], "uv_size": [-0.5, 0.5]},
								"south": {"uv": [12.5, 26], "uv_size": [-0.5, 0.5]},
								"west": {"uv": [26.5, 13], "uv_size": [-0.5, 0.5]},
								"up": {"uv": [14, 26.5], "uv_size": [0.5, -0.5]},
								"down": {"uv": [26, 14], "uv_size": [0.5, 0.5]}
							}
						},
						{
							"origin": [0.40626, -0.875, -2.82813],
							"size": [0.01563, 0.23438, 0.07813],
							"uv": {
								"north": {"uv": [16.5, 26], "uv_size": [-0.5, 0.5]},
								"east": {"uv": [26.5, 15], "uv_size": [-0.5, 0.5]},
								"south": {"uv": [15.5, 26], "uv_size": [-0.5, 0.5]},
								"west": {"uv": [26.5, 16], "uv_size": [-0.5, 0.5]},
								"up": {"uv": [17, 26.5], "uv_size": [0.5, -0.5]},
								"down": {"uv": [26, 17], "uv_size": [0.5, 0.5]}
							}
						},
						{
							"origin": [0.40626, -0.875, -2.95313],
							"size": [0.01563, 0.23438, 0.07813],
							"uv": {
								"north": {"uv": [19.5, 26], "uv_size": [-0.5, 0.5]},
								"east": {"uv": [26.5, 18], "uv_size": [-0.5, 0.5]},
								"south": {"uv": [18.5, 26], "uv_size": [-0.5, 0.5]},
								"west": {"uv": [26.5, 19], "uv_size": [-0.5, 0.5]},
								"up": {"uv": [20, 26.5], "uv_size": [0.5, -0.5]},
								"down": {"uv": [26, 20], "uv_size": [0.5, 0.5]}
							}
						},
						{
							"origin": [-0.40624, -0.875, -2.96875],
							"size": [0.0625, 0.23438, 0.59375],
							"uv": {
								"north": {"uv": [22.5, 26], "uv_size": [-0.5, 0.5]},
								"east": {"uv": [26.5, 21], "uv_size": [-0.5, 0.5]},
								"south": {"uv": [21.5, 26], "uv_size": [-0.5, 0.5]},
								"west": {"uv": [26.5, 22], "uv_size": [-0.5, 0.5]},
								"up": {"uv": [23, 26.5], "uv_size": [0.5, -0.5]},
								"down": {"uv": [26, 23], "uv_size": [0.5, 0.5]}
							}
						},
						{
							"origin": [-0.42187, -0.875, -2.45313],
							"size": [0.01563, 0.23438, 0.07813],
							"uv": {
								"north": {"uv": [25.5, 26], "uv_size": [-0.5, 0.5]},
								"east": {"uv": [26.5, 24], "uv_size": [-0.5, 0.5]},
								"south": {"uv": [24.5, 26], "uv_size": [-0.5, 0.5]},
								"west": {"uv": [26.5, 25], "uv_size": [-0.5, 0.5]},
								"up": {"uv": [26, 26.5], "uv_size": [0.5, -0.5]},
								"down": {"uv": [2, 27], "uv_size": [0.5, 0.5]}
							}
						},
						{
							"origin": [-0.42187, -0.875, -2.57813],
							"size": [0.01563, 0.23438, 0.07813],
							"uv": {
								"north": {"uv": [27.5, 3], "uv_size": [-0.5, 0.5]},
								"east": {"uv": [3.5, 27], "uv_size": [-0.5, 0.5]},
								"south": {"uv": [27.5, 2], "uv_size": [-0.5, 0.5]},
								"west": {"uv": [4.5, 27], "uv_size": [-0.5, 0.5]},
								"up": {"uv": [27, 4.5], "uv_size": [0.5, -0.5]},
								"down": {"uv": [5, 27], "uv_size": [0.5, 0.5]}
							}
						},
						{
							"origin": [-0.42187, -0.875, -2.70313],
							"size": [0.01563, 0.23438, 0.07813],
							"uv": {
								"north": {"uv": [27.5, 6], "uv_size": [-0.5, 0.5]},
								"east": {"uv": [6.5, 27], "uv_size": [-0.5, 0.5]},
								"south": {"uv": [27.5, 5], "uv_size": [-0.5, 0.5]},
								"west": {"uv": [7.5, 27], "uv_size": [-0.5, 0.5]},
								"up": {"uv": [27, 7.5], "uv_size": [0.5, -0.5]},
								"down": {"uv": [8, 27], "uv_size": [0.5, 0.5]}
							}
						},
						{
							"origin": [-0.42187, -0.875, -2.82813],
							"size": [0.01563, 0.23438, 0.07813],
							"uv": {
								"north": {"uv": [27.5, 9], "uv_size": [-0.5, 0.5]},
								"east": {"uv": [9.5, 27], "uv_size": [-0.5, 0.5]},
								"south": {"uv": [27.5, 8], "uv_size": [-0.5, 0.5]},
								"west": {"uv": [10.5, 27], "uv_size": [-0.5, 0.5]},
								"up": {"uv": [27, 10.5], "uv_size": [0.5, -0.5]},
								"down": {"uv": [11, 27], "uv_size": [0.5, 0.5]}
							}
						},
						{
							"origin": [-0.42187, -0.875, -2.95313],
							"size": [0.01563, 0.23438, 0.07813],
							"uv": {
								"north": {"uv": [27.5, 12], "uv_size": [-0.5, 0.5]},
								"east": {"uv": [12.5, 27], "uv_size": [-0.5, 0.5]},
								"south": {"uv": [27.5, 11], "uv_size": [-0.5, 0.5]},
								"west": {"uv": [13.5, 27], "uv_size": [-0.5, 0.5]},
								"up": {"uv": [27, 13.5], "uv_size": [0.5, -0.5]},
								"down": {"uv": [14, 27], "uv_size": [0.5, 0.5]}
							}
						},
						{
							"origin": [0.32813, -0.26562, -2.52759],
							"size": [0.25001, 0.13032, 0.59009],
							"uv": {
								"north": {"uv": [27, 23], "uv_size": [0.5, 0.5]},
								"east": {"uv": [18, 13], "uv_size": [1.5, 0.5]},
								"south": {"uv": [24, 27], "uv_size": [0.5, 0.5]},
								"west": {"uv": [17, 18], "uv_size": [1.5, 0.5]},
								"up": {"uv": [2, 19], "uv_size": [0.5, 1.5]},
								"down": {"uv": [3, 20.5], "uv_size": [0.5, -1.5]}
							}
						},
						{
							"origin": [-0.74374, 0.49083, -2.52759],
							"size": [0.125, 0.11469, 0.59009],
							"pivot": [-1.07187, -1.2748, -1.5625],
							"rotation": [0, 0, 45],
							"uv": {
								"north": {"uv": [27, 24], "uv_size": [0.5, 0.5]},
								"east": {"uv": [18, 17], "uv_size": [1.5, 0.5]},
								"south": {"uv": [25, 27], "uv_size": [0.5, 0.5]},
								"west": {"uv": [4, 19], "uv_size": [1.5, 0.5]},
								"up": {"uv": [19, 4], "uv_size": [0.5, 1.5]},
								"down": {"uv": [6, 20.5], "uv_size": [0.5, -1.5]}
							}
						},
						{
							"origin": [0.61874, 0.49083, -2.52759],
							"size": [0.125, 0.11469, 0.59009],
							"pivot": [1.07187, -1.2748, -1.5625],
							"rotation": [0, 0, -45],
							"uv": {
								"north": {"uv": [27, 25], "uv_size": [0.5, 0.5]},
								"east": {"uv": [19, 6], "uv_size": [1.5, 0.5]},
								"south": {"uv": [26, 27], "uv_size": [0.5, 0.5]},
								"west": {"uv": [19, 8], "uv_size": [1.5, 0.5]},
								"up": {"uv": [7, 19], "uv_size": [0.5, 1.5]},
								"down": {"uv": [9, 20.5], "uv_size": [0.5, -1.5]}
							}
						},
						{
							"origin": [-0.49702, -0.34672, -2.52759],
							"size": [0.99405, 0.0811, 0.59009],
							"uv": {
								"north": {"uv": [12, 22], "uv_size": [1, 0.5]},
								"east": {"uv": [19, 9], "uv_size": [1.5, 0.5]},
								"south": {"uv": [22, 12], "uv_size": [1, 0.5]},
								"west": {"uv": [19, 11], "uv_size": [1.5, 0.5]},
								"up": {"uv": [9, 12], "uv_size": [1, 1.5]},
								"down": {"uv": [12, 10.5], "uv_size": [1, -1.5]}
							}
						},
						{
							"origin": [-0.57812, -0.26562, -2.52759],
							"size": [0.25001, 0.13032, 0.59009],
							"uv": {
								"north": {"uv": [4, 28], "uv_size": [0.5, 0.5]},
								"east": {"uv": [13, 19], "uv_size": [1.5, 0.5]},
								"south": {"uv": [28, 4], "uv_size": [0.5, 0.5]},
								"west": {"uv": [19, 14], "uv_size": [1.5, 0.5]},
								"up": {"uv": [10, 19], "uv_size": [0.5, 1.5]},
								"down": {"uv": [19, 16.5], "uv_size": [0.5, -1.5]}
							}
						}
					]
				},
				{
					"name": "bone112_illuminated",
					"parent": "leiz",
					"pivot": [0, -6.70312, 6],
					"cubes": [
						{
							"origin": [-0.36719, -0.42187, -2.53125],
							"size": [0.73438, 0.07813, 0.46875],
							"uv": {
								"east": {"uv": [25, 28], "uv_size": [0.5, 0.5]},
								"west": {"uv": [28, 25], "uv_size": [0.5, 0.5]}
							}
						},
						{
							"origin": [-0.02344, -0.57038, -168.04687],
							"size": [0.04688, 0.04688, 166.40625],
							"uv": {
								"north": {"uv": [28, 28], "uv_size": [0.5, 0.5]},
								"east": {"uv": [0, 0], "uv_size": [166.5, 0.5]},
								"south": {"uv": [2, 29], "uv_size": [0.5, 0.5]},
								"west": {"uv": [0, 1], "uv_size": [166.5, 0.5]},
								"up": {"uv": [0, 2], "uv_size": [0.5, 166.5]},
								"down": {"uv": [1, 168.5], "uv_size": [0.5, -166.5]}
							}
						}
					]
				}
			]
		}
	]
}