{
	"format_version": "1.12.0",
	"minecraft:geometry": [
		{
			"description": {
				"identifier": "geometry.unknown",
				"texture_width": 32,
				"texture_height": 32,
				"visible_bounds_width": 20,
				"visible_bounds_height": 1.5,
				"visible_bounds_offset": [0, 0.25, 0]
			},
			"bones": [
				{
					"name": "emx_tac_grip",
					"pivot": [-0.36601, -0.32638, 0.75002]
				},
				{
					"name": "bone10",
					"parent": "emx_tac_grip",
					"pivot": [0, -0.71875, -1.84375],
					"cubes": [
						{
							"origin": [-0.48437, -0.46875, -2.21875],
							"size": [0.96875, 0.23438, 5.23438],
							"uv": {
								"north": {"uv": [7, 13], "uv_size": [1, 0.5]},
								"east": {"uv": [5, 0], "uv_size": [5, 0.5]},
								"south": {"uv": [7, 14], "uv_size": [1, 0.5]},
								"west": {"uv": [5, 1], "uv_size": [5, 0.5]},
								"up": {"uv": [0, 0], "uv_size": [1, 5]},
								"down": {"uv": [1, 5], "uv_size": [1, -5]}
							}
						},
						{
							"origin": [-0.39062, -0.46875, 1.23438],
							"size": [0.78125, 0.46875, 1.78125],
							"pivot": [0, -0.46875, 3.01563],
							"rotation": [62.5, 0, 0],
							"uv": {
								"north": {"uv": [14, 15], "uv_size": [1, 0.5]},
								"east": {"uv": [9, 12], "uv_size": [2, 0.5]},
								"south": {"uv": [15, 14], "uv_size": [1, 0.5]},
								"west": {"uv": [12, 10], "uv_size": [2, 0.5]},
								"up": {"uv": [6, 8], "uv_size": [1, 2]},
								"down": {"uv": [7, 10], "uv_size": [1, -2]}
							}
						},
						{
							"origin": [-0.39062, -0.40625, 2.35938],
							"size": [0.78125, 0.17188, 0.25],
							"pivot": [0, -0.46875, 2.51563],
							"rotation": [127.5, 0, 0],
							"uv": {
								"north": {"uv": [15, 15], "uv_size": [1, 0.5]},
								"east": {"uv": [17, 8], "uv_size": [0.5, 0.5]},
								"south": {"uv": [0, 16], "uv_size": [1, 0.5]},
								"west": {"uv": [9, 17], "uv_size": [0.5, 0.5]},
								"up": {"uv": [16, 0], "uv_size": [1, 0.5]},
								"down": {"uv": [1, 16.5], "uv_size": [1, -0.5]}
							}
						},
						{
							"origin": [-0.39062, -0.57812, -0.15625],
							"size": [0.78125, 0.32813, 0.23438],
							"pivot": [0, -0.46875, -0.0625],
							"rotation": [177.5, 0, 0],
							"uv": {
								"north": {"uv": [16, 1], "uv_size": [1, 0.5]},
								"east": {"uv": [17, 9], "uv_size": [0.5, 0.5]},
								"south": {"uv": [2, 16], "uv_size": [1, 0.5]},
								"west": {"uv": [10, 17], "uv_size": [0.5, 0.5]},
								"up": {"uv": [16, 2], "uv_size": [1, 0.5]},
								"down": {"uv": [3, 16.5], "uv_size": [1, -0.5]}
							}
						},
						{
							"origin": [-0.39062, -0.57812, -0.0625],
							"size": [0.78125, 0.34375, 0.1875],
							"pivot": [0, -0.46875, 0.03125],
							"rotation": [134, 0, 0],
							"uv": {
								"north": {"uv": [4, 16], "uv_size": [1, 0.5]},
								"east": {"uv": [17, 10], "uv_size": [0.5, 0.5]},
								"south": {"uv": [16, 4], "uv_size": [1, 0.5]},
								"west": {"uv": [11, 17], "uv_size": [0.5, 0.5]},
								"up": {"uv": [5, 16], "uv_size": [1, 0.5]},
								"down": {"uv": [16, 5.5], "uv_size": [1, -0.5]}
							}
						},
						{
							"origin": [-0.39062, -0.34375, 1.04688],
							"size": [0.78125, 0.21875, 0.40625],
							"pivot": [0, -0.46875, 3.01563],
							"rotation": [62.5, 0, 0],
							"uv": {
								"north": {"uv": [6, 16], "uv_size": [1, 0.5]},
								"east": {"uv": [17, 11], "uv_size": [0.5, 0.5]},
								"south": {"uv": [7, 16], "uv_size": [1, 0.5]},
								"west": {"uv": [12, 17], "uv_size": [0.5, 0.5]},
								"up": {"uv": [8, 16], "uv_size": [1, 0.5]},
								"down": {"uv": [9, 16.5], "uv_size": [1, -0.5]}
							}
						},
						{
							"origin": [-0.39062, -2.15292, 1.99704],
							"size": [0.78125, 0.21875, 0.40625],
							"pivot": [0, -2.15625, 2],
							"rotation": [62.5, 0, 0],
							"uv": {
								"north": {"uv": [16, 9], "uv_size": [1, 0.5]},
								"east": {"uv": [17, 12], "uv_size": [0.5, 0.5]},
								"south": {"uv": [10, 16], "uv_size": [1, 0.5]},
								"west": {"uv": [13, 17], "uv_size": [0.5, 0.5]},
								"up": {"uv": [16, 10], "uv_size": [1, 0.5]},
								"down": {"uv": [11, 16.5], "uv_size": [1, -0.5]}
							}
						},
						{
							"origin": [-0.39062, -2.057, 1.80241],
							"size": [0.78125, 0.21187, 0.12714],
							"pivot": [0, -2.0625, 1.79688],
							"rotation": [7.5, 0, 0],
							"uv": {
								"north": {"uv": [16, 11], "uv_size": [1, 0.5]},
								"east": {"uv": [17, 13], "uv_size": [0.5, 0.5]},
								"south": {"uv": [12, 16], "uv_size": [1, 0.5]},
								"west": {"uv": [14, 17], "uv_size": [0.5, 0.5]},
								"up": {"uv": [16, 12], "uv_size": [1, 0.5]},
								"down": {"uv": [13, 16.5], "uv_size": [1, -0.5]}
							}
						},
						{
							"origin": [-0.39062, -2.38729, 1.99704],
							"size": [0.78125, 0.23438, 0.14063],
							"pivot": [0, -2.15625, 2],
							"rotation": [119.75, 0, 0],
							"uv": {
								"north": {"uv": [14, 16], "uv_size": [1, 0.5]},
								"east": {"uv": [17, 14], "uv_size": [0.5, 0.5]},
								"south": {"uv": [16, 14], "uv_size": [1, 0.5]},
								"west": {"uv": [15, 17], "uv_size": [0.5, 0.5]},
								"up": {"uv": [15, 16], "uv_size": [1, 0.5]},
								"down": {"uv": [16, 15.5], "uv_size": [1, -0.5]}
							}
						},
						{
							"origin": [-0.39062, -0.46875, 1.23438],
							"size": [0.78125, 3.39063, 0.21875],
							"pivot": [0, -0.46875, 3.01563],
							"rotation": [62.5, 0, 0],
							"uv": {
								"north": {"uv": [4, 0], "uv_size": [1, 3.5]},
								"east": {"uv": [8, 8], "uv_size": [0.5, 3.5]},
								"south": {"uv": [4, 4], "uv_size": [1, 3.5]},
								"west": {"uv": [9, 8], "uv_size": [0.5, 3.5]},
								"up": {"uv": [16, 16], "uv_size": [1, 0.5]},
								"down": {"uv": [0, 17.5], "uv_size": [1, -0.5]}
							}
						},
						{
							"origin": [-0.32812, -0.14062, 1.17188],
							"size": [0.65625, 3.0625, 0.34375],
							"pivot": [0, -0.46875, 3.01563],
							"rotation": [62.5, 0, 0],
							"uv": {
								"north": {"uv": [0, 10], "uv_size": [0.5, 3]},
								"east": {"uv": [10, 0], "uv_size": [0.5, 3]},
								"south": {"uv": [1, 10], "uv_size": [0.5, 3]},
								"west": {"uv": [2, 10], "uv_size": [0.5, 3]},
								"up": {"uv": [17, 15], "uv_size": [0.5, 0.5]},
								"down": {"uv": [16, 17.5], "uv_size": [0.5, -0.5]}
							}
						},
						{
							"origin": [-0.39346, -0.55967, -2.21875],
							"size": [0.78691, 0.09092, 5.23438],
							"uv": {
								"north": {"uv": [17, 0], "uv_size": [1, 0.5]},
								"east": {"uv": [5, 2], "uv_size": [5, 0.5]},
								"south": {"uv": [1, 17], "uv_size": [1, 0.5]},
								"west": {"uv": [5, 3], "uv_size": [5, 0.5]},
								"up": {"uv": [2, 0], "uv_size": [1, 5]},
								"down": {"uv": [3, 5], "uv_size": [1, -5]}
							}
						},
						{
							"origin": [-0.51846, -1.05967, -2.09375],
							"size": [1.03691, 0.62217, 0.26563],
							"uv": {
								"north": {"uv": [17, 1], "uv_size": [1, 0.5]},
								"east": {"uv": [17, 16], "uv_size": [0.5, 0.5]},
								"south": {"uv": [2, 17], "uv_size": [1, 0.5]},
								"west": {"uv": [17, 17], "uv_size": [0.5, 0.5]},
								"up": {"uv": [17, 2], "uv_size": [1, 0.5]},
								"down": {"uv": [3, 17.5], "uv_size": [1, -0.5]}
							}
						},
						{
							"origin": [-0.40314, -1.05967, -2.20624],
							"size": [0.80627, 0.62217, 0.11249],
							"uv": {
								"north": {"uv": [17, 3], "uv_size": [1, 0.5]},
								"east": {"uv": [0, 18], "uv_size": [0.5, 0.5]},
								"south": {"uv": [4, 17], "uv_size": [1, 0.5]},
								"west": {"uv": [18, 0], "uv_size": [0.5, 0.5]},
								"up": {"uv": [17, 4], "uv_size": [1, 0.5]},
								"down": {"uv": [5, 17.5], "uv_size": [1, -0.5]}
							}
						},
						{
							"origin": [-0.51846, -1.05967, -2.09375],
							"size": [0.16191, 0.62217, 0.17188],
							"pivot": [-0.51562, -0.96875, -2.09375],
							"rotation": [0, 45, 0],
							"uv": {
								"north": {"uv": [1, 18], "uv_size": [0.5, 0.5]},
								"east": {"uv": [18, 1], "uv_size": [0.5, 0.5]},
								"south": {"uv": [2, 18], "uv_size": [0.5, 0.5]},
								"west": {"uv": [18, 2], "uv_size": [0.5, 0.5]},
								"up": {"uv": [3, 18], "uv_size": [0.5, 0.5]},
								"down": {"uv": [18, 3.5], "uv_size": [0.5, -0.5]}
							}
						},
						{
							"origin": [0.35654, -1.05967, -2.09375],
							"size": [0.16191, 0.62217, 0.17188],
							"pivot": [0.51563, -0.96875, -2.09375],
							"rotation": [0, -45, 0],
							"uv": {
								"north": {"uv": [4, 18], "uv_size": [0.5, 0.5]},
								"east": {"uv": [18, 4], "uv_size": [0.5, 0.5]},
								"south": {"uv": [5, 18], "uv_size": [0.5, 0.5]},
								"west": {"uv": [18, 5], "uv_size": [0.5, 0.5]},
								"up": {"uv": [6, 18], "uv_size": [0.5, 0.5]},
								"down": {"uv": [18, 6.5], "uv_size": [0.5, -0.5]}
							}
						},
						{
							"origin": [-0.51846, -0.91904, -3],
							"size": [1.03691, 0.24717, 0.17188],
							"pivot": [0, -2.01562, -2.0625],
							"rotation": [-45, 0, 0],
							"uv": {
								"north": {"uv": [17, 5], "uv_size": [1, 0.5]},
								"east": {"uv": [7, 18], "uv_size": [0.5, 0.5]},
								"south": {"uv": [6, 17], "uv_size": [1, 0.5]},
								"west": {"uv": [18, 7], "uv_size": [0.5, 0.5]},
								"up": {"uv": [17, 6], "uv_size": [1, 0.5]},
								"down": {"uv": [7, 17.5], "uv_size": [1, -0.5]}
							}
						},
						{
							"origin": [1.9375, -1.52518, -2.21875],
							"size": [0.12858, 0.13456, 5.23438],
							"pivot": [0, -2.90625, -1.25],
							"rotation": [0, 0, -45],
							"uv": {
								"north": {"uv": [8, 18], "uv_size": [0.5, 0.5]},
								"east": {"uv": [5, 4], "uv_size": [5, 0.5]},
								"south": {"uv": [18, 8], "uv_size": [0.5, 0.5]},
								"west": {"uv": [5, 5], "uv_size": [5, 0.5]},
								"up": {"uv": [0, 5], "uv_size": [0.5, 5]},
								"down": {"uv": [1, 10], "uv_size": [0.5, -5]}
							}
						},
						{
							"origin": [-2.06608, -1.52518, -2.21875],
							"size": [0.12858, 0.13456, 5.23438],
							"pivot": [0, -2.90625, -1.25],
							"rotation": [0, 0, 45],
							"uv": {
								"north": {"uv": [9, 18], "uv_size": [0.5, 0.5]},
								"east": {"uv": [5, 6], "uv_size": [5, 0.5]},
								"south": {"uv": [18, 9], "uv_size": [0.5, 0.5]},
								"west": {"uv": [5, 7], "uv_size": [5, 0.5]},
								"up": {"uv": [2, 5], "uv_size": [0.5, 5]},
								"down": {"uv": [3, 10], "uv_size": [0.5, -5]}
							}
						}
					]
				},
				{
					"name": "dizuoi",
					"parent": "bone10",
					"pivot": [0, -6.71875, 12.15625],
					"cubes": [
						{
							"origin": [-0.6064, -0.48735, -2.23437],
							"size": [1.2128, 0.2686, 2.34009],
							"uv": {
								"north": {"uv": [17, 7], "uv_size": [1, 0.5]},
								"east": {"uv": [10, 3], "uv_size": [2.5, 0.5]},
								"south": {"uv": [8, 17], "uv_size": [1, 0.5]},
								"west": {"uv": [10, 4], "uv_size": [2.5, 0.5]},
								"up": {"uv": [4, 8], "uv_size": [1, 2.5]},
								"down": {"uv": [5, 10.5], "uv_size": [1, -2.5]}
							}
						},
						{
							"origin": [0.50937, 0.3502, -2.23437],
							"size": [0.125, 0.11469, 2.34009],
							"pivot": [0.96249, -1.41543, -0.85937],
							"rotation": [0, 0, -45],
							"uv": {
								"north": {"uv": [10, 18], "uv_size": [0.5, 0.5]},
								"east": {"uv": [10, 5], "uv_size": [2.5, 0.5]},
								"south": {"uv": [18, 10], "uv_size": [0.5, 0.5]},
								"west": {"uv": [10, 6], "uv_size": [2.5, 0.5]},
								"up": {"uv": [3, 10], "uv_size": [0.5, 2.5]},
								"down": {"uv": [6, 12.5], "uv_size": [0.5, -2.5]}
							}
						},
						{
							"origin": [-0.6875, -0.40625, -2.23437],
							"size": [0.34375, 0.13032, 2.34009],
							"uv": {
								"north": {"uv": [11, 18], "uv_size": [0.5, 0.5]},
								"east": {"uv": [10, 7], "uv_size": [2.5, 0.5]},
								"south": {"uv": [18, 11], "uv_size": [0.5, 0.5]},
								"west": {"uv": [10, 8], "uv_size": [2.5, 0.5]},
								"up": {"uv": [7, 10], "uv_size": [0.5, 2.5]},
								"down": {"uv": [10, 11.5], "uv_size": [0.5, -2.5]}
							}
						},
						{
							"origin": [-0.6875, -0.1875, -0.10937],
							"size": [0.34375, 0.21875, 0.375],
							"pivot": [-0.125, 0.03125, -0.10937],
							"rotation": [-55, 0, 0],
							"uv": {
								"north": {"uv": [12, 18], "uv_size": [0.5, 0.5]},
								"east": {"uv": [18, 12], "uv_size": [0.5, 0.5]},
								"south": {"uv": [13, 18], "uv_size": [0.5, 0.5]},
								"west": {"uv": [18, 13], "uv_size": [0.5, 0.5]},
								"up": {"uv": [14, 18], "uv_size": [0.5, 0.5]},
								"down": {"uv": [18, 14.5], "uv_size": [0.5, -0.5]}
							}
						},
						{
							"origin": [-0.6875, -0.28125, -2.23437],
							"size": [0.34375, 0.3125, 2.125],
							"uv": {
								"north": {"uv": [15, 18], "uv_size": [0.5, 0.5]},
								"east": {"uv": [12, 11], "uv_size": [2, 0.5]},
								"south": {"uv": [18, 15], "uv_size": [0.5, 0.5]},
								"west": {"uv": [12, 12], "uv_size": [2, 0.5]},
								"up": {"uv": [0, 13], "uv_size": [0.5, 2]},
								"down": {"uv": [1, 15], "uv_size": [0.5, -2]}
							}
						},
						{
							"origin": [-0.63437, 0.3502, -2.23437],
							"size": [0.125, 0.11469, 2.34009],
							"pivot": [-0.96249, -1.41543, -0.85937],
							"rotation": [0, 0, 45],
							"uv": {
								"north": {"uv": [16, 18], "uv_size": [0.5, 0.5]},
								"east": {"uv": [11, 0], "uv_size": [2.5, 0.5]},
								"south": {"uv": [18, 16], "uv_size": [0.5, 0.5]},
								"west": {"uv": [11, 1], "uv_size": [2.5, 0.5]},
								"up": {"uv": [4, 11], "uv_size": [0.5, 2.5]},
								"down": {"uv": [5, 13.5], "uv_size": [0.5, -2.5]}
							}
						},
						{
							"origin": [0.34375, -0.40625, -2.23437],
							"size": [0.34375, 0.13032, 2.34009],
							"uv": {
								"north": {"uv": [17, 18], "uv_size": [0.5, 0.5]},
								"east": {"uv": [11, 2], "uv_size": [2.5, 0.5]},
								"south": {"uv": [18, 17], "uv_size": [0.5, 0.5]},
								"west": {"uv": [11, 9], "uv_size": [2.5, 0.5]},
								"up": {"uv": [11, 10], "uv_size": [0.5, 2.5]},
								"down": {"uv": [8, 14.5], "uv_size": [0.5, -2.5]}
							}
						},
						{
							"origin": [0.34375, -0.1875, -0.10937],
							"size": [0.34375, 0.21875, 0.375],
							"pivot": [0.125, 0.03125, -0.10937],
							"rotation": [-55, 0, 0],
							"uv": {
								"north": {"uv": [18, 18], "uv_size": [0.5, 0.5]},
								"east": {"uv": [0, 19], "uv_size": [0.5, 0.5]},
								"south": {"uv": [19, 0], "uv_size": [0.5, 0.5]},
								"west": {"uv": [1, 19], "uv_size": [0.5, 0.5]},
								"up": {"uv": [19, 1], "uv_size": [0.5, 0.5]},
								"down": {"uv": [2, 19.5], "uv_size": [0.5, -0.5]}
							}
						},
						{
							"origin": [0.34375, -0.28125, -2.23437],
							"size": [0.34375, 0.3125, 2.125],
							"uv": {
								"north": {"uv": [19, 2], "uv_size": [0.5, 0.5]},
								"east": {"uv": [2, 13], "uv_size": [2, 0.5]},
								"south": {"uv": [3, 19], "uv_size": [0.5, 0.5]},
								"west": {"uv": [13, 3], "uv_size": [2, 0.5]},
								"up": {"uv": [13, 4], "uv_size": [0.5, 2]},
								"down": {"uv": [6, 15], "uv_size": [0.5, -2]}
							}
						}
					]
				},
				{
					"name": "leize",
					"parent": "bone10",
					"pivot": [0, -10.71875, 12.15625]
				},
				{
					"name": "bone11_illuminated",
					"parent": "leize",
					"pivot": [0, -10.71875, 12.15625],
					"cubes": [
						{
							"origin": [-0.49219, -0.40625, 0.1875],
							"size": [0.98438, 0.09375, 0.71875],
							"uv": {
								"east": {"uv": [19, 3], "uv_size": [0.5, 0.5]},
								"west": {"uv": [4, 19], "uv_size": [0.5, 0.5]}
							}
						},
						{
							"origin": [-0.49219, -0.40625, 1.1875],
							"size": [0.98438, 0.09375, 0.71875],
							"uv": {
								"east": {"uv": [19, 12], "uv_size": [0.5, 0.5]},
								"west": {"uv": [13, 19], "uv_size": [0.5, 0.5]}
							}
						},
						{
							"origin": [-0.49219, -0.40625, 2.1875],
							"size": [0.98438, 0.09375, 0.71875],
							"uv": {
								"east": {"uv": [19, 13], "uv_size": [0.5, 0.5]},
								"west": {"uv": [14, 19], "uv_size": [0.5, 0.5]}
							}
						}
					]
				},
				{
					"name": "dinzi",
					"parent": "bone10",
					"pivot": [0, -6.71875, 12.15625],
					"cubes": [
						{
							"origin": [-0.70089, -0.02229, -1.65474],
							"size": [1.40179, 0.19892, 0.08239],
							"pivot": [0.01635, 0.01563, -2.31852],
							"rotation": [-22.5, 0, 0],
							"uv": {
								"north": {"uv": [13, 6], "uv_size": [1.5, 0.5]},
								"east": {"uv": [19, 4], "uv_size": [0.5, 0.5]},
								"south": {"uv": [13, 7], "uv_size": [1.5, 0.5]},
								"west": {"uv": [5, 19], "uv_size": [0.5, 0.5]},
								"up": {"uv": [13, 8], "uv_size": [1.5, 0.5]},
								"down": {"uv": [9, 13.5], "uv_size": [1.5, -0.5]}
							}
						},
						{
							"origin": [-0.70089, 0.03598, -1.713],
							"size": [1.40179, 0.08239, 0.19892],
							"pivot": [0.01635, 0.01563, -2.31852],
							"rotation": [-22.5, 0, 0],
							"uv": {
								"north": {"uv": [11, 13], "uv_size": [1.5, 0.5]},
								"east": {"uv": [19, 5], "uv_size": [0.5, 0.5]},
								"south": {"uv": [13, 13], "uv_size": [1.5, 0.5]},
								"west": {"uv": [6, 19], "uv_size": [0.5, 0.5]},
								"up": {"uv": [14, 0], "uv_size": [1.5, 0.5]},
								"down": {"uv": [14, 1.5], "uv_size": [1.5, -0.5]}
							}
						},
						{
							"origin": [-0.70089, -0.5388, -1.8177],
							"size": [1.40179, 0.19892, 0.08239],
							"pivot": [0.01635, 0.01563, -2.31852],
							"rotation": [22.5, 0, 0],
							"uv": {
								"north": {"uv": [2, 14], "uv_size": [1.5, 0.5]},
								"east": {"uv": [19, 6], "uv_size": [0.5, 0.5]},
								"south": {"uv": [14, 2], "uv_size": [1.5, 0.5]},
								"west": {"uv": [7, 19], "uv_size": [0.5, 0.5]},
								"up": {"uv": [4, 14], "uv_size": [1.5, 0.5]},
								"down": {"uv": [14, 4.5], "uv_size": [1.5, -0.5]}
							}
						},
						{
							"origin": [-0.70089, -0.48054, -1.87596],
							"size": [1.40179, 0.08239, 0.19892],
							"pivot": [0.01635, 0.01563, -2.31852],
							"rotation": [22.5, 0, 0],
							"uv": {
								"north": {"uv": [14, 5], "uv_size": [1.5, 0.5]},
								"east": {"uv": [19, 7], "uv_size": [0.5, 0.5]},
								"south": {"uv": [9, 14], "uv_size": [1.5, 0.5]},
								"west": {"uv": [8, 19], "uv_size": [0.5, 0.5]},
								"up": {"uv": [14, 9], "uv_size": [1.5, 0.5]},
								"down": {"uv": [14, 10.5], "uv_size": [1.5, -0.5]}
							}
						},
						{
							"origin": [-0.70089, 0.03598, -0.588],
							"size": [1.40179, 0.08239, 0.19892],
							"pivot": [0.01635, 0.01563, -1.19352],
							"rotation": [-22.5, 0, 0],
							"uv": {
								"north": {"uv": [11, 14], "uv_size": [1.5, 0.5]},
								"east": {"uv": [19, 8], "uv_size": [0.5, 0.5]},
								"south": {"uv": [14, 11], "uv_size": [1.5, 0.5]},
								"west": {"uv": [9, 19], "uv_size": [0.5, 0.5]},
								"up": {"uv": [14, 12], "uv_size": [1.5, 0.5]},
								"down": {"uv": [13, 14.5], "uv_size": [1.5, -0.5]}
							}
						},
						{
							"origin": [-0.70089, -0.5388, -0.6927],
							"size": [1.40179, 0.19892, 0.08239],
							"pivot": [0.01635, 0.01563, -1.19352],
							"rotation": [22.5, 0, 0],
							"uv": {
								"north": {"uv": [0, 15], "uv_size": [1.5, 0.5]},
								"east": {"uv": [19, 9], "uv_size": [0.5, 0.5]},
								"south": {"uv": [2, 15], "uv_size": [1.5, 0.5]},
								"west": {"uv": [10, 19], "uv_size": [0.5, 0.5]},
								"up": {"uv": [15, 3], "uv_size": [1.5, 0.5]},
								"down": {"uv": [4, 15.5], "uv_size": [1.5, -0.5]}
							}
						},
						{
							"origin": [-0.70089, -0.02229, -0.52974],
							"size": [1.40179, 0.19892, 0.08239],
							"pivot": [0.01635, 0.01563, -1.19352],
							"rotation": [-22.5, 0, 0],
							"uv": {
								"north": {"uv": [6, 15], "uv_size": [1.5, 0.5]},
								"east": {"uv": [19, 10], "uv_size": [0.5, 0.5]},
								"south": {"uv": [15, 6], "uv_size": [1.5, 0.5]},
								"west": {"uv": [11, 19], "uv_size": [0.5, 0.5]},
								"up": {"uv": [15, 7], "uv_size": [1.5, 0.5]},
								"down": {"uv": [8, 15.5], "uv_size": [1.5, -0.5]}
							}
						},
						{
							"origin": [-0.70089, -0.48054, -0.75096],
							"size": [1.40179, 0.08239, 0.19892],
							"pivot": [0.01635, 0.01563, -1.19352],
							"rotation": [22.5, 0, 0],
							"uv": {
								"north": {"uv": [15, 8], "uv_size": [1.5, 0.5]},
								"east": {"uv": [19, 11], "uv_size": [0.5, 0.5]},
								"south": {"uv": [10, 15], "uv_size": [1.5, 0.5]},
								"west": {"uv": [12, 19], "uv_size": [0.5, 0.5]},
								"up": {"uv": [12, 15], "uv_size": [1.5, 0.5]},
								"down": {"uv": [15, 13.5], "uv_size": [1.5, -0.5]}
							}
						}
					]
				}
			]
		}
	]
}