{
    "materials": [
      {
        "item": {
          "item": "minecraft:nether_star"
        },
        "count": 1
      },
      {
        "item": {
          "item": "minecraft:red_wool"
        },
        "count": 4
      },
      {
        "item": {
          "item": "minecraft:white_wool"
        },
        "count": 4
      },
      {
        "item": {
          "item": "minecraft:black_wool"
        },
        "count":4
      },
      {
        "item":{"item":"minecraft:blaze_rod"},
        "count":6
      },
      {
        "item":{"item":"minecraft:fire_charge"},
        "count":1
      }
    ],
    "result": {
      "type": "gun",
      "id": "fire_fox:fire_fox"
    }
  }