{
	"format_version": "1.8.0",
	"animations": {
		"static_idle": {
			"loop": true,
			"bones": {
				"gl": {
					"rotation": [0, 0, 15],
					"position": [-6, 0, 0]
				},
				"gr": {
					"rotation": [0, 0, -15],
					"position": [8, 0, 0]
				},
				"left": {
					"rotation": [90, 0, 15],
					"position": [-1, -9, 0]
				},
				"right": {
					"rotation": [90, 0, -15],
					"position": [3, -9, 0]
				}
			}
		},
		"static_bolt_caught": {
			"loop": true,
			"bones": {
				"gl": {
					"rotation": [0, 0, 15],
					"position": [-6, 0, 0]
				},
				"gr": {
					"rotation": [0, 0, -15],
					"position": [8, 0, 0]
				},
				"left": {
					"rotation": [90, 0, 15],
					"position": [-1, -9, 0]
				},
				"right": {
					"rotation": [90, 0, -15],
					"position": [3, -9, 0]
				},
				"slide": {
					"position": [0, 0, 1.75]
				},
				"slide2": {
					"position": [0, 0, 1.75]
				}
			}
		},
		"reload_empty": {
			"animation_length": 1.7917,
			"bones": {
				"gl": {
					"rotation": {
						"0.0": [0, 0, 15],
						"0.2083": [-220, 0, 15],
						"0.375": [-420, 0, 15],
						"0.7083": [-373.33, 0, 15],
						"0.75": [0, 0, 15],
						"0.7917": [-37.5, 0, 15],
						"1.1667": [-37.5, 0, 15],
						"1.5417": [-37.5, 0, 15],
						"1.625": [0, 0, 15]
					},
					"position": {
						"0.0": [-6, 0, 0],
						"0.5": [-6, 6, -3],
						"0.75": [-6, 0, 0]
					}
				},
				"gr": {
					"rotation": {
						"0.0": [0, 0, -15],
						"0.2083": [-220, 0, -15],
						"0.375": [-420, 0, -15],
						"0.7083": [-373.33, 0, -15],
						"0.75": [0, 0, -15],
						"0.7917": [-37.5, 0, -15],
						"1.1667": [-37.5, 0, -15],
						"1.5417": [-37.5, 0, -15],
						"1.625": [0, 0, -15]
					},
					"position": {
						"0.0": [8, 0, 0],
						"0.5": [8, 6, -3],
						"0.75": [8, 0, 0]
					}
				},
				"left": {
					"rotation": [90, 0, 15],
					"position": [-1, -9, 0]
				},
				"right": {
					"rotation": [90, 0, -15],
					"position": [3, -9, 0]
				},
				"slide": {
					"position": {
						"0.0": [0, 0, 1.75],
						"1.5833": [0, 0, 1.75],
						"1.625": [0, 0, 0]
					}
				},
				"slide2": {
					"position": {
						"0.0": [0, 0, 1.75],
						"1.5833": [0, 0, 1.75],
						"1.625": [0, 0, 0]
					}
				},
				"lnm": {
					"rotation": {
						"0.0": [0, 0, 0],
						"0.375": [85, 37.5, 0],
						"1.1667": [85, 0, 0],
						"1.5417": [0, 0, 0]
					},
					"position": {
						"0.0": [0, 0, 0],
						"0.375": [0, -7, 7],
						"1.1667": [0, -7, 7],
						"1.5417": [0, 0, 0]
					}
				},
				"muzzle_flash1": {
					"position": {
						"0.0": [0, 0, 0],
						"0.0417": [-831, 0, 1094]
					}
				},
				"rng": {
					"rotation": {
						"0.0": [0, 0, 0],
						"0.375": [85, 0, 0],
						"0.4167": [85, -30, 0],
						"1.1667": [85, 0, 0],
						"1.5417": [0, 0, 0]
					},
					"position": {
						"0.0": [0, 0, 0],
						"0.375": [0, -7, 7],
						"1.1667": [0, -7, 7],
						"1.5417": [0, 0, 0]
					}
				}
			}
		},
		"reload_tactical": {
			"animation_length": 1.7917,
			"bones": {
				"gl": {
					"rotation": {
						"0.0": [0, 0, 15],
						"0.2083": [-220, 0, 15],
						"0.375": [-420, 0, 15],
						"0.7083": [-373.33, 0, 15],
						"0.75": [0, 0, 15]
					},
					"position": {
						"0.0": [-6, 0, 0],
						"0.5": [-6, 6, -3],
						"0.75": [-6, 0, 0]
					}
				},
				"gr": {
					"rotation": {
						"0.0": [0, 0, -15],
						"0.2083": [-220, 0, -15],
						"0.375": [-420, 0, -15],
						"0.7083": [-373.33, 0, -15],
						"0.75": [0, 0, -15]
					},
					"position": {
						"0.0": [8, 0, 0],
						"0.5": [8, 6, -3],
						"0.75": [8, 0, 0]
					}
				},
				"left": {
					"rotation": [90, 0, 15],
					"position": [-1, -9, 0]
				},
				"right": {
					"rotation": [90, 0, -15],
					"position": [3, -9, 0]
				},
				"lnm": {
					"rotation": {
						"0.0": [0, 0, 0],
						"0.375": [85, 37.5, 0],
						"1.0833": [85, 0, 0],
						"1.4583": [0, 0, 0]
					},
					"position": {
						"0.0": [0, 0, 0],
						"0.375": [0, -7, 7],
						"1.0833": [0, -7, 7],
						"1.4583": [0, 0, 0]
					}
				},
				"muzzle_flash1": {
					"position": {
						"0.0": [0, 0, 0],
						"0.0417": [-831, 0, 1094]
					}
				},
				"rng": {
					"rotation": {
						"0.0": [0, 0, 0],
						"0.375": [85, 0, 0],
						"0.4167": [85, -30, 0],
						"1.0833": [85, 0, 0],
						"1.4583": [0, 0, 0]
					},
					"position": {
						"0.0": [0, 0, 0],
						"0.375": [0, -7, 7],
						"1.0833": [0, -7, 7],
						"1.4583": [0, 0, 0]
					}
				}
			}
		},
		"shoot": {
			"animation_length": 0.3333,
			"bones": {
				"gl": {
					"rotation": {
						"0.0": [0, 0, 0],
						"0.0417": [-5, 0, 7.5],
						"0.0833": [-5, 0, 7.5],
						"0.1667": [0, 0, 0]
					},
					"position": {
						"0.0": [0, 0, 0],
						"0.0417": [0, 0, 1],
						"0.0833": [0, 0, 1],
						"0.1667": [0, 0, 0]
					}
				},
				"muzzle_flash1": {
					"position": {
						"0.0": [0, 0, 0],
						"0.0417": [0, 39, -87],
						"0.0833": [0, 39, -87],
						"0.125": [0, 3, -2]
					}
				},
				"slide": {
					"position": {
						"0.0": [0, 0, 0],
						"0.0417": [0, 0, 1.75],
						"0.0833": [0, 0, 1],
						"0.125": [0, 0, 0],
						"0.1667": [0, 0, 0]
					}
				},
				"gr": {
					"rotation": {
						"0.125": [0, 0, 0],
						"0.1667": [-5, 0, 7.5],
						"0.2083": [-5, 0, 7.5]
					},
					"position": {
						"0.125": [0, 0, 0],
						"0.1667": [0, 0, 1],
						"0.2083": [0, 0, 1]
					}
				},
				"muzzle_flash2": {
					"position": {
						"0.125": [0, 0, 0],
						"0.1667": [0, 39, -87],
						"0.2083": [0, 39, -87],
						"0.25": [0, 7, 1]
					}
				},
				"slide2": {
					"position": {
						"0.125": [0, 0, 0],
						"0.1667": [0, 0, 1.75],
						"0.2083": [0, 0, 1],
						"0.25": [0, 0, 0]
					}
				},
				"camera": {
					"rotation": {
						"0.0": [0, 0, 0],
						"0.0417": [0, 0, 1.15],
						"0.0833": [0, 0, 0],
						"0.125": [0, 0, 0],
						"0.1667": [0, 0, -1.15],
						"0.2083": [0, 0, 0]
					}
				},
				"lnm": {
					"rotation": {
						"0.0": [0, 0, 0],
						"0.0417": [-12.5, 0, 0],
						"0.0833": [-25, 0, 0],
						"0.125": [0, 0, 0],
						"0.1667": [0, 0, 0]
					},
					"position": {
						"0.0": [0, 0, 0],
						"0.0833": [0, 1, 0],
						"0.125": [0, 0, 0],
						"0.1667": [0, 0, 0]
					}
				},
				"rng": {
					"rotation": {
						"0.125": [0, 0, 0],
						"0.1667": [-12.5, 0, 0],
						"0.2083": [-25, 0, 0],
						"0.25": [0, 0, 0]
					},
					"position": {
						"0.125": [0, 0, 0],
						"0.2083": [0, 1, 0],
						"0.25": [0, 0, 0]
					}
				}
			}
		}
	}
}